"filename", "language", "JavaScript", "JSON", "XML", "Django HTML", "CSS", "PHP", "Pug", "Less", "SCSS", "comment", "blank", "total"
"d:\Websites\Krish Sataisya - Portfolio\@secure-krish\143258769020.html", "Django HTML", 0, 0, 0, 13, 0, 0, 0, 0, 0, 0, 0, 13
"d:\Websites\Krish Sataisya - Portfolio\@secure-krish\231005.html", "Django HTML", 0, 0, 0, 13, 0, 0, 0, 0, 0, 0, 0, 13
"d:\Websites\Krish Sataisya - Portfolio\@temp\login-form-main\index.html", "Django HTML", 0, 0, 0, 207, 0, 0, 0, 0, 0, 0, 42, 249
"d:\Websites\Krish Sataisya - Portfolio\Games\Archry\index.html", "Django HTML", 0, 0, 0, 299, 0, 0, 0, 0, 0, 0, 30, 329
"d:\Websites\Krish Sataisya - Portfolio\Games\Cube\index.html", "Django HTML", 0, 0, 0, 1011, 0, 0, 0, 0, 0, 0, 2, 1013
"d:\Websites\Krish Sataisya - Portfolio\Games\Cube\script.js", "JavaScript", 2611, 0, 0, 0, 0, 0, 0, 0, 0, 0, 1469, 4080
"d:\Websites\Krish Sataisya - Portfolio\Games\Cube\style.css", "CSS", 0, 0, 0, 0, 337, 0, 0, 0, 0, 0, 8, 345
"d:\Websites\Krish Sataisya - Portfolio\Pages\Graphics Design.html", "Django HTML", 0, 0, 0, 277, 0, 0, 0, 0, 0, 0, 33, 310
"d:\Websites\Krish Sataisya - Portfolio\Pages\Projects.html", "Django HTML", 0, 0, 0, 364, 0, 0, 0, 0, 0, 0, 32, 396
"d:\Websites\Krish Sataisya - Portfolio\Pages\krishsatasiya.html", "Django HTML", 0, 0, 0, 282, 0, 0, 0, 0, 0, 0, 33, 315
"d:\Websites\Krish Sataisya - Portfolio\Projects\3D Solar System\index.html", "Django HTML", 0, 0, 0, 171, 0, 0, 0, 0, 0, 0, 5, 176
"d:\Websites\Krish Sataisya - Portfolio\Projects\3D Solar System\script.js", "JavaScript", 33, 0, 0, 0, 0, 0, 0, 0, 0, 0, 9, 42
"d:\Websites\Krish Sataisya - Portfolio\Projects\3D Solar System\style.css", "CSS", 0, 0, 0, 0, 1108, 0, 0, 0, 0, 72, 316, 1496
"d:\Websites\Krish Sataisya - Portfolio\Projects\404\index.html", "Django HTML", 0, 0, 0, 52, 0, 0, 0, 0, 0, 0, 8, 60
"d:\Websites\Krish Sataisya - Portfolio\Projects\404\script.js", "JavaScript", 0, 0, 0, 0, 0, 0, 0, 0, 0, 0, 1, 1
"d:\Websites\Krish Sataisya - Portfolio\Projects\404\style.css", "CSS", 0, 0, 0, 0, 242, 0, 0, 0, 0, 13, 42, 297
"d:\Websites\Krish Sataisya - Portfolio\Projects\Animated Periodic Table\Color Inditiy.svg", "XML", 0, 0, 1, 0, 0, 0, 0, 0, 0, 0, 0, 1
"d:\Websites\Krish Sataisya - Portfolio\Projects\Animated Periodic Table\index.html", "Django HTML", 0, 0, 0, 41, 0, 0, 0, 0, 0, 0, 8, 49
"d:\Websites\Krish Sataisya - Portfolio\Projects\Animated Periodic Table\periodic-table-data.json", "JSON", 0, 5040, 0, 0, 0, 0, 0, 0, 0, 0, 0, 5040
"d:\Websites\Krish Sataisya - Portfolio\Projects\Animated Periodic Table\script.js", "JavaScript", 175, 0, 0, 0, 0, 0, 0, 0, 0, 0, 28, 203
"d:\Websites\Krish Sataisya - Portfolio\Projects\Animated Periodic Table\style.css", "CSS", 0, 0, 0, 0, 54, 0, 0, 0, 0, 0, 11, 65
"d:\Websites\Krish Sataisya - Portfolio\Projects\Calculator\index.html", "Django HTML", 0, 0, 0, 46, 0, 0, 0, 0, 0, 0, 3, 49
"d:\Websites\Krish Sataisya - Portfolio\Projects\Calculator\script.js", "JavaScript", 121, 0, 0, 0, 0, 0, 0, 0, 0, 5, 7, 133
"d:\Websites\Krish Sataisya - Portfolio\Projects\Calculator\style.css", "CSS", 0, 0, 0, 0, 67, 0, 0, 0, 0, 0, 0, 67
"d:\Websites\Krish Sataisya - Portfolio\Projects\Celender Pro\celender.html", "Django HTML", 0, 0, 0, 182, 0, 0, 0, 0, 0, 0, 24, 206
"d:\Websites\Krish Sataisya - Portfolio\Projects\Celender Pro\script.js", "JavaScript", 152, 0, 0, 0, 0, 0, 0, 0, 0, 7, 2, 161
"d:\Websites\Krish Sataisya - Portfolio\Projects\Celender Pro\style.css", "CSS", 0, 0, 0, 0, 988, 0, 0, 0, 0, 254, 233, 1475
"d:\Websites\Krish Sataisya - Portfolio\Projects\Graph - Book\index.html", "Django HTML", 0, 0, 0, 120, 0, 0, 0, 0, 0, 0, 32, 152
"d:\Websites\Krish Sataisya - Portfolio\Projects\Graph - Book\math.js", "JavaScript", 3, 0, 0, 0, 0, 0, 0, 0, 0, 4, 0, 7
"d:\Websites\Krish Sataisya - Portfolio\Projects\Graph - Book\script.js", "JavaScript", 1178, 0, 0, 0, 0, 0, 0, 0, 0, 372, 704, 2254
"d:\Websites\Krish Sataisya - Portfolio\Projects\Graph - Book\style.css", "CSS", 0, 0, 0, 0, 519, 0, 0, 0, 0, 2, 94, 615
"d:\Websites\Krish Sataisya - Portfolio\Projects\Keybord\index.html", "Django HTML", 0, 0, 0, 80, 0, 0, 0, 0, 0, 0, 4, 84
"d:\Websites\Krish Sataisya - Portfolio\Projects\Keybord\script.js", "JavaScript", 36, 0, 0, 0, 0, 0, 0, 0, 0, 0, 10, 46
"d:\Websites\Krish Sataisya - Portfolio\Projects\Keybord\style.css", "CSS", 0, 0, 0, 0, 176, 0, 0, 0, 0, 6, 21, 203
"d:\Websites\Krish Sataisya - Portfolio\Projects\Notes\index.html", "Django HTML", 0, 0, 0, 45, 0, 0, 0, 0, 0, 0, 4, 49
"d:\Websites\Krish Sataisya - Portfolio\Projects\Notes\script.js", "JavaScript", 58, 0, 0, 0, 0, 0, 0, 0, 0, 0, 17, 75
"d:\Websites\Krish Sataisya - Portfolio\Projects\Notes\style.css", "CSS", 0, 0, 0, 0, 92, 0, 0, 0, 0, 0, 21, 113
"d:\Websites\Krish Sataisya - Portfolio\Projects\White Bord Pro\index.html", "Django HTML", 0, 0, 0, 34, 0, 0, 0, 0, 0, 0, 5, 39
"d:\Websites\Krish Sataisya - Portfolio\Projects\White Bord Pro\script.js", "JavaScript", 248, 0, 0, 0, 0, 0, 0, 0, 0, 28, 71, 347
"d:\Websites\Krish Sataisya - Portfolio\Projects\White Bord Pro\style.css", "CSS", 0, 0, 0, 0, 49, 0, 0, 0, 0, 0, 6, 55
"d:\Websites\Krish Sataisya - Portfolio\Projects\electron-builder\dist\index.html", "Django HTML", 0, 0, 0, 81, 0, 0, 0, 0, 0, 0, 3, 84
"d:\Websites\Krish Sataisya - Portfolio\Projects\electron-builder\dist\script.js", "JavaScript", 144, 0, 0, 0, 0, 0, 0, 0, 0, 2, 2, 148
"d:\Websites\Krish Sataisya - Portfolio\Projects\electron-builder\dist\style.css", "CSS", 0, 0, 0, 0, 182, 0, 0, 0, 0, 0, 7, 189
"d:\Websites\Krish Sataisya - Portfolio\Projects\electron-builder\src\index.pug", "Pug", 0, 0, 0, 0, 0, 0, 86, 0, 0, 0, 27, 113
"d:\Websites\Krish Sataisya - Portfolio\Projects\photo editing web application\assets\css\integrate.css", "CSS", 0, 0, 0, 0, 59, 0, 0, 0, 0, 0, 1, 60
"d:\Websites\Krish Sataisya - Portfolio\Projects\photo editing web application\assets\css\main.css", "CSS", 0, 0, 0, 0, 4, 0, 0, 0, 0, 10, 0, 14
"d:\Websites\Krish Sataisya - Portfolio\Projects\photo editing web application\assets\fonts\Material-Design-Iconic-Font.svg", "XML", 0, 0, 773, 0, 0, 0, 0, 0, 0, 0, 0, 773
"d:\Websites\Krish Sataisya - Portfolio\Projects\photo editing web application\assets\images\stickers\beach\1.svg", "XML", 0, 0, 13, 0, 0, 0, 0, 0, 0, 1, 1, 15
"d:\Websites\Krish Sataisya - Portfolio\Projects\photo editing web application\assets\images\stickers\beach\10.svg", "XML", 0, 0, 33, 0, 0, 0, 0, 0, 0, 1, 1, 35
"d:\Websites\Krish Sataisya - Portfolio\Projects\photo editing web application\assets\images\stickers\beach\11.svg", "XML", 0, 0, 26, 0, 0, 0, 0, 0, 0, 1, 1, 28
"d:\Websites\Krish Sataisya - Portfolio\Projects\photo editing web application\assets\images\stickers\beach\12.svg", "XML", 0, 0, 9, 0, 0, 0, 0, 0, 0, 1, 1, 11
"d:\Websites\Krish Sataisya - Portfolio\Projects\photo editing web application\assets\images\stickers\beach\13.svg", "XML", 0, 0, 24, 0, 0, 0, 0, 0, 0, 1, 1, 26
"d:\Websites\Krish Sataisya - Portfolio\Projects\photo editing web application\assets\images\stickers\beach\14.svg", "XML", 0, 0, 15, 0, 0, 0, 0, 0, 0, 1, 1, 17
"d:\Websites\Krish Sataisya - Portfolio\Projects\photo editing web application\assets\images\stickers\beach\15.svg", "XML", 0, 0, 13, 0, 0, 0, 0, 0, 0, 1, 1, 15
"d:\Websites\Krish Sataisya - Portfolio\Projects\photo editing web application\assets\images\stickers\beach\16.svg", "XML", 0, 0, 43, 0, 0, 0, 0, 0, 0, 1, 1, 45
"d:\Websites\Krish Sataisya - Portfolio\Projects\photo editing web application\assets\images\stickers\beach\17.svg", "XML", 0, 0, 34, 0, 0, 0, 0, 0, 0, 1, 1, 36
"d:\Websites\Krish Sataisya - Portfolio\Projects\photo editing web application\assets\images\stickers\beach\18.svg", "XML", 0, 0, 31, 0, 0, 0, 0, 0, 0, 1, 1, 33
"d:\Websites\Krish Sataisya - Portfolio\Projects\photo editing web application\assets\images\stickers\beach\19.svg", "XML", 0, 0, 22, 0, 0, 0, 0, 0, 0, 1, 1, 24
"d:\Websites\Krish Sataisya - Portfolio\Projects\photo editing web application\assets\images\stickers\beach\2.svg", "XML", 0, 0, 13, 0, 0, 0, 0, 0, 0, 1, 1, 15
"d:\Websites\Krish Sataisya - Portfolio\Projects\photo editing web application\assets\images\stickers\beach\20.svg", "XML", 0, 0, 23, 0, 0, 0, 0, 0, 0, 1, 1, 25
"d:\Websites\Krish Sataisya - Portfolio\Projects\photo editing web application\assets\images\stickers\beach\21.svg", "XML", 0, 0, 10, 0, 0, 0, 0, 0, 0, 1, 1, 12
"d:\Websites\Krish Sataisya - Portfolio\Projects\photo editing web application\assets\images\stickers\beach\22.svg", "XML", 0, 0, 24, 0, 0, 0, 0, 0, 0, 1, 1, 26
"d:\Websites\Krish Sataisya - Portfolio\Projects\photo editing web application\assets\images\stickers\beach\3.svg", "XML", 0, 0, 25, 0, 0, 0, 0, 0, 0, 1, 1, 27
"d:\Websites\Krish Sataisya - Portfolio\Projects\photo editing web application\assets\images\stickers\beach\4.svg", "XML", 0, 0, 24, 0, 0, 0, 0, 0, 0, 1, 1, 26
"d:\Websites\Krish Sataisya - Portfolio\Projects\photo editing web application\assets\images\stickers\beach\5.svg", "XML", 0, 0, 21, 0, 0, 0, 0, 0, 0, 1, 1, 23
"d:\Websites\Krish Sataisya - Portfolio\Projects\photo editing web application\assets\images\stickers\beach\6.svg", "XML", 0, 0, 19, 0, 0, 0, 0, 0, 0, 1, 1, 21
"d:\Websites\Krish Sataisya - Portfolio\Projects\photo editing web application\assets\images\stickers\beach\7.svg", "XML", 0, 0, 31, 0, 0, 0, 0, 0, 0, 1, 1, 33
"d:\Websites\Krish Sataisya - Portfolio\Projects\photo editing web application\assets\images\stickers\beach\8.svg", "XML", 0, 0, 27, 0, 0, 0, 0, 0, 0, 1, 1, 29
"d:\Websites\Krish Sataisya - Portfolio\Projects\photo editing web application\assets\images\stickers\beach\9.svg", "XML", 0, 0, 17, 0, 0, 0, 0, 0, 0, 1, 1, 19
"d:\Websites\Krish Sataisya - Portfolio\Projects\photo editing web application\assets\images\stickers\doodles\1.svg", "XML", 0, 0, 254, 0, 0, 0, 0, 0, 0, 1, 1, 256
"d:\Websites\Krish Sataisya - Portfolio\Projects\photo editing web application\assets\images\stickers\doodles\10.svg", "XML", 0, 0, 159, 0, 0, 0, 0, 0, 0, 1, 1, 161
"d:\Websites\Krish Sataisya - Portfolio\Projects\photo editing web application\assets\images\stickers\doodles\100.svg", "XML", 0, 0, 200, 0, 0, 0, 0, 0, 0, 1, 1, 202
"d:\Websites\Krish Sataisya - Portfolio\Projects\photo editing web application\assets\images\stickers\doodles\11.svg", "XML", 0, 0, 392, 0, 0, 0, 0, 0, 0, 1, 1, 394
"d:\Websites\Krish Sataisya - Portfolio\Projects\photo editing web application\assets\images\stickers\doodles\12.svg", "XML", 0, 0, 292, 0, 0, 0, 0, 0, 0, 1, 1, 294
"d:\Websites\Krish Sataisya - Portfolio\Projects\photo editing web application\assets\images\stickers\doodles\13.svg", "XML", 0, 0, 250, 0, 0, 0, 0, 0, 0, 1, 1, 252
"d:\Websites\Krish Sataisya - Portfolio\Projects\photo editing web application\assets\images\stickers\doodles\14.svg", "XML", 0, 0, 369, 0, 0, 0, 0, 0, 0, 1, 1, 371
"d:\Websites\Krish Sataisya - Portfolio\Projects\photo editing web application\assets\images\stickers\doodles\15.svg", "XML", 0, 0, 193, 0, 0, 0, 0, 0, 0, 1, 1, 195
"d:\Websites\Krish Sataisya - Portfolio\Projects\photo editing web application\assets\images\stickers\doodles\16.svg", "XML", 0, 0, 382, 0, 0, 0, 0, 0, 0, 1, 1, 384
"d:\Websites\Krish Sataisya - Portfolio\Projects\photo editing web application\assets\images\stickers\doodles\17.svg", "XML", 0, 0, 345, 0, 0, 0, 0, 0, 0, 1, 1, 347
"d:\Websites\Krish Sataisya - Portfolio\Projects\photo editing web application\assets\images\stickers\doodles\18.svg", "XML", 0, 0, 285, 0, 0, 0, 0, 0, 0, 1, 1, 287
"d:\Websites\Krish Sataisya - Portfolio\Projects\photo editing web application\assets\images\stickers\doodles\19.svg", "XML", 0, 0, 240, 0, 0, 0, 0, 0, 0, 1, 1, 242
"d:\Websites\Krish Sataisya - Portfolio\Projects\photo editing web application\assets\images\stickers\doodles\2.svg", "XML", 0, 0, 226, 0, 0, 0, 0, 0, 0, 1, 1, 228
"d:\Websites\Krish Sataisya - Portfolio\Projects\photo editing web application\assets\images\stickers\doodles\20.svg", "XML", 0, 0, 329, 0, 0, 0, 0, 0, 0, 1, 1, 331
"d:\Websites\Krish Sataisya - Portfolio\Projects\photo editing web application\assets\images\stickers\doodles\21.svg", "XML", 0, 0, 199, 0, 0, 0, 0, 0, 0, 1, 1, 201
"d:\Websites\Krish Sataisya - Portfolio\Projects\photo editing web application\assets\images\stickers\doodles\22.svg", "XML", 0, 0, 307, 0, 0, 0, 0, 0, 0, 1, 1, 309
"d:\Websites\Krish Sataisya - Portfolio\Projects\photo editing web application\assets\images\stickers\doodles\23.svg", "XML", 0, 0, 517, 0, 0, 0, 0, 0, 0, 1, 1, 519
"d:\Websites\Krish Sataisya - Portfolio\Projects\photo editing web application\assets\images\stickers\doodles\24.svg", "XML", 0, 0, 206, 0, 0, 0, 0, 0, 0, 1, 1, 208
"d:\Websites\Krish Sataisya - Portfolio\Projects\photo editing web application\assets\images\stickers\doodles\25.svg", "XML", 0, 0, 259, 0, 0, 0, 0, 0, 0, 1, 1, 261
"d:\Websites\Krish Sataisya - Portfolio\Projects\photo editing web application\assets\images\stickers\doodles\26.svg", "XML", 0, 0, 379, 0, 0, 0, 0, 0, 0, 1, 1, 381
"d:\Websites\Krish Sataisya - Portfolio\Projects\photo editing web application\assets\images\stickers\doodles\27.svg", "XML", 0, 0, 221, 0, 0, 0, 0, 0, 0, 1, 1, 223
"d:\Websites\Krish Sataisya - Portfolio\Projects\photo editing web application\assets\images\stickers\doodles\28.svg", "XML", 0, 0, 163, 0, 0, 0, 0, 0, 0, 1, 1, 165
"d:\Websites\Krish Sataisya - Portfolio\Projects\photo editing web application\assets\images\stickers\doodles\29.svg", "XML", 0, 0, 270, 0, 0, 0, 0, 0, 0, 1, 1, 272
"d:\Websites\Krish Sataisya - Portfolio\Projects\photo editing web application\assets\images\stickers\doodles\3.svg", "XML", 0, 0, 271, 0, 0, 0, 0, 0, 0, 1, 1, 273
"d:\Websites\Krish Sataisya - Portfolio\Projects\photo editing web application\assets\images\stickers\doodles\30.svg", "XML", 0, 0, 282, 0, 0, 0, 0, 0, 0, 1, 1, 284
"d:\Websites\Krish Sataisya - Portfolio\Projects\photo editing web application\assets\images\stickers\doodles\31.svg", "XML", 0, 0, 256, 0, 0, 0, 0, 0, 0, 1, 1, 258
"d:\Websites\Krish Sataisya - Portfolio\Projects\photo editing web application\assets\images\stickers\doodles\32.svg", "XML", 0, 0, 275, 0, 0, 0, 0, 0, 0, 1, 1, 277
"d:\Websites\Krish Sataisya - Portfolio\Projects\photo editing web application\assets\images\stickers\doodles\33.svg", "XML", 0, 0, 197, 0, 0, 0, 0, 0, 0, 1, 1, 199
"d:\Websites\Krish Sataisya - Portfolio\Projects\photo editing web application\assets\images\stickers\doodles\34.svg", "XML", 0, 0, 313, 0, 0, 0, 0, 0, 0, 1, 1, 315
"d:\Websites\Krish Sataisya - Portfolio\Projects\photo editing web application\assets\images\stickers\doodles\35.svg", "XML", 0, 0, 235, 0, 0, 0, 0, 0, 0, 1, 1, 237
"d:\Websites\Krish Sataisya - Portfolio\Projects\photo editing web application\assets\images\stickers\doodles\36.svg", "XML", 0, 0, 272, 0, 0, 0, 0, 0, 0, 1, 1, 274
"d:\Websites\Krish Sataisya - Portfolio\Projects\photo editing web application\assets\images\stickers\doodles\37.svg", "XML", 0, 0, 283, 0, 0, 0, 0, 0, 0, 1, 1, 285
"d:\Websites\Krish Sataisya - Portfolio\Projects\photo editing web application\assets\images\stickers\doodles\38.svg", "XML", 0, 0, 166, 0, 0, 0, 0, 0, 0, 1, 1, 168
"d:\Websites\Krish Sataisya - Portfolio\Projects\photo editing web application\assets\images\stickers\doodles\39.svg", "XML", 0, 0, 380, 0, 0, 0, 0, 0, 0, 1, 1, 382
"d:\Websites\Krish Sataisya - Portfolio\Projects\photo editing web application\assets\images\stickers\doodles\4.svg", "XML", 0, 0, 215, 0, 0, 0, 0, 0, 0, 1, 1, 217
"d:\Websites\Krish Sataisya - Portfolio\Projects\photo editing web application\assets\images\stickers\doodles\40.svg", "XML", 0, 0, 197, 0, 0, 0, 0, 0, 0, 1, 1, 199
"d:\Websites\Krish Sataisya - Portfolio\Projects\photo editing web application\assets\images\stickers\doodles\41.svg", "XML", 0, 0, 258, 0, 0, 0, 0, 0, 0, 1, 1, 260
"d:\Websites\Krish Sataisya - Portfolio\Projects\photo editing web application\assets\images\stickers\doodles\42.svg", "XML", 0, 0, 370, 0, 0, 0, 0, 0, 0, 1, 1, 372
"d:\Websites\Krish Sataisya - Portfolio\Projects\photo editing web application\assets\images\stickers\doodles\43.svg", "XML", 0, 0, 197, 0, 0, 0, 0, 0, 0, 1, 1, 199
"d:\Websites\Krish Sataisya - Portfolio\Projects\photo editing web application\assets\images\stickers\doodles\44.svg", "XML", 0, 0, 173, 0, 0, 0, 0, 0, 0, 1, 1, 175
"d:\Websites\Krish Sataisya - Portfolio\Projects\photo editing web application\assets\images\stickers\doodles\45.svg", "XML", 0, 0, 177, 0, 0, 0, 0, 0, 0, 1, 1, 179
"d:\Websites\Krish Sataisya - Portfolio\Projects\photo editing web application\assets\images\stickers\doodles\46.svg", "XML", 0, 0, 210, 0, 0, 0, 0, 0, 0, 1, 1, 212
"d:\Websites\Krish Sataisya - Portfolio\Projects\photo editing web application\assets\images\stickers\doodles\47.svg", "XML", 0, 0, 194, 0, 0, 0, 0, 0, 0, 1, 1, 196
"d:\Websites\Krish Sataisya - Portfolio\Projects\photo editing web application\assets\images\stickers\doodles\48.svg", "XML", 0, 0, 292, 0, 0, 0, 0, 0, 0, 1, 1, 294
"d:\Websites\Krish Sataisya - Portfolio\Projects\photo editing web application\assets\images\stickers\doodles\49.svg", "XML", 0, 0, 190, 0, 0, 0, 0, 0, 0, 1, 1, 192
"d:\Websites\Krish Sataisya - Portfolio\Projects\photo editing web application\assets\images\stickers\doodles\5.svg", "XML", 0, 0, 178, 0, 0, 0, 0, 0, 0, 1, 1, 180
"d:\Websites\Krish Sataisya - Portfolio\Projects\photo editing web application\assets\images\stickers\doodles\50.svg", "XML", 0, 0, 322, 0, 0, 0, 0, 0, 0, 1, 1, 324
"d:\Websites\Krish Sataisya - Portfolio\Projects\photo editing web application\assets\images\stickers\doodles\51.svg", "XML", 0, 0, 307, 0, 0, 0, 0, 0, 0, 1, 1, 309
"d:\Websites\Krish Sataisya - Portfolio\Projects\photo editing web application\assets\images\stickers\doodles\52.svg", "XML", 0, 0, 161, 0, 0, 0, 0, 0, 0, 1, 1, 163
"d:\Websites\Krish Sataisya - Portfolio\Projects\photo editing web application\assets\images\stickers\doodles\53.svg", "XML", 0, 0, 262, 0, 0, 0, 0, 0, 0, 1, 1, 264
"d:\Websites\Krish Sataisya - Portfolio\Projects\photo editing web application\assets\images\stickers\doodles\54.svg", "XML", 0, 0, 174, 0, 0, 0, 0, 0, 0, 1, 1, 176
"d:\Websites\Krish Sataisya - Portfolio\Projects\photo editing web application\assets\images\stickers\doodles\55.svg", "XML", 0, 0, 176, 0, 0, 0, 0, 0, 0, 1, 1, 178
"d:\Websites\Krish Sataisya - Portfolio\Projects\photo editing web application\assets\images\stickers\doodles\56.svg", "XML", 0, 0, 159, 0, 0, 0, 0, 0, 0, 1, 1, 161
"d:\Websites\Krish Sataisya - Portfolio\Projects\photo editing web application\assets\images\stickers\doodles\57.svg", "XML", 0, 0, 114, 0, 0, 0, 0, 0, 0, 1, 1, 116
"d:\Websites\Krish Sataisya - Portfolio\Projects\photo editing web application\assets\images\stickers\doodles\58.svg", "XML", 0, 0, 326, 0, 0, 0, 0, 0, 0, 1, 1, 328
"d:\Websites\Krish Sataisya - Portfolio\Projects\photo editing web application\assets\images\stickers\doodles\59.svg", "XML", 0, 0, 196, 0, 0, 0, 0, 0, 0, 1, 1, 198
"d:\Websites\Krish Sataisya - Portfolio\Projects\photo editing web application\assets\images\stickers\doodles\6.svg", "XML", 0, 0, 387, 0, 0, 0, 0, 0, 0, 1, 1, 389
"d:\Websites\Krish Sataisya - Portfolio\Projects\photo editing web application\assets\images\stickers\doodles\60.svg", "XML", 0, 0, 413, 0, 0, 0, 0, 0, 0, 1, 1, 415
"d:\Websites\Krish Sataisya - Portfolio\Projects\photo editing web application\assets\images\stickers\doodles\61.svg", "XML", 0, 0, 286, 0, 0, 0, 0, 0, 0, 1, 1, 288
"d:\Websites\Krish Sataisya - Portfolio\Projects\photo editing web application\assets\images\stickers\doodles\62.svg", "XML", 0, 0, 192, 0, 0, 0, 0, 0, 0, 1, 1, 194
"d:\Websites\Krish Sataisya - Portfolio\Projects\photo editing web application\assets\images\stickers\doodles\63.svg", "XML", 0, 0, 328, 0, 0, 0, 0, 0, 0, 1, 1, 330
"d:\Websites\Krish Sataisya - Portfolio\Projects\photo editing web application\assets\images\stickers\doodles\64.svg", "XML", 0, 0, 149, 0, 0, 0, 0, 0, 0, 1, 1, 151
"d:\Websites\Krish Sataisya - Portfolio\Projects\photo editing web application\assets\images\stickers\doodles\65.svg", "XML", 0, 0, 274, 0, 0, 0, 0, 0, 0, 1, 1, 276
"d:\Websites\Krish Sataisya - Portfolio\Projects\photo editing web application\assets\images\stickers\doodles\66.svg", "XML", 0, 0, 173, 0, 0, 0, 0, 0, 0, 1, 1, 175
"d:\Websites\Krish Sataisya - Portfolio\Projects\photo editing web application\assets\images\stickers\doodles\67.svg", "XML", 0, 0, 342, 0, 0, 0, 0, 0, 0, 1, 1, 344
"d:\Websites\Krish Sataisya - Portfolio\Projects\photo editing web application\assets\images\stickers\doodles\68.svg", "XML", 0, 0, 241, 0, 0, 0, 0, 0, 0, 1, 1, 243
"d:\Websites\Krish Sataisya - Portfolio\Projects\photo editing web application\assets\images\stickers\doodles\69.svg", "XML", 0, 0, 159, 0, 0, 0, 0, 0, 0, 1, 1, 161
"d:\Websites\Krish Sataisya - Portfolio\Projects\photo editing web application\assets\images\stickers\doodles\7.svg", "XML", 0, 0, 193, 0, 0, 0, 0, 0, 0, 1, 1, 195
"d:\Websites\Krish Sataisya - Portfolio\Projects\photo editing web application\assets\images\stickers\doodles\70.svg", "XML", 0, 0, 364, 0, 0, 0, 0, 0, 0, 1, 1, 366
"d:\Websites\Krish Sataisya - Portfolio\Projects\photo editing web application\assets\images\stickers\doodles\71.svg", "XML", 0, 0, 453, 0, 0, 0, 0, 0, 0, 1, 1, 455
"d:\Websites\Krish Sataisya - Portfolio\Projects\photo editing web application\assets\images\stickers\doodles\72.svg", "XML", 0, 0, 161, 0, 0, 0, 0, 0, 0, 1, 1, 163
"d:\Websites\Krish Sataisya - Portfolio\Projects\photo editing web application\assets\images\stickers\doodles\73.svg", "XML", 0, 0, 392, 0, 0, 0, 0, 0, 0, 1, 1, 394
"d:\Websites\Krish Sataisya - Portfolio\Projects\photo editing web application\assets\images\stickers\doodles\74.svg", "XML", 0, 0, 205, 0, 0, 0, 0, 0, 0, 1, 1, 207
"d:\Websites\Krish Sataisya - Portfolio\Projects\photo editing web application\assets\images\stickers\doodles\75.svg", "XML", 0, 0, 274, 0, 0, 0, 0, 0, 0, 1, 1, 276
"d:\Websites\Krish Sataisya - Portfolio\Projects\photo editing web application\assets\images\stickers\doodles\76.svg", "XML", 0, 0, 349, 0, 0, 0, 0, 0, 0, 1, 1, 351
"d:\Websites\Krish Sataisya - Portfolio\Projects\photo editing web application\assets\images\stickers\doodles\77.svg", "XML", 0, 0, 322, 0, 0, 0, 0, 0, 0, 1, 1, 324
"d:\Websites\Krish Sataisya - Portfolio\Projects\photo editing web application\assets\images\stickers\doodles\78.svg", "XML", 0, 0, 315, 0, 0, 0, 0, 0, 0, 1, 1, 317
"d:\Websites\Krish Sataisya - Portfolio\Projects\photo editing web application\assets\images\stickers\doodles\79.svg", "XML", 0, 0, 502, 0, 0, 0, 0, 0, 0, 1, 1, 504
"d:\Websites\Krish Sataisya - Portfolio\Projects\photo editing web application\assets\images\stickers\doodles\8.svg", "XML", 0, 0, 184, 0, 0, 0, 0, 0, 0, 1, 1, 186
"d:\Websites\Krish Sataisya - Portfolio\Projects\photo editing web application\assets\images\stickers\doodles\80.svg", "XML", 0, 0, 234, 0, 0, 0, 0, 0, 0, 1, 1, 236
"d:\Websites\Krish Sataisya - Portfolio\Projects\photo editing web application\assets\images\stickers\doodles\81.svg", "XML", 0, 0, 183, 0, 0, 0, 0, 0, 0, 1, 1, 185
"d:\Websites\Krish Sataisya - Portfolio\Projects\photo editing web application\assets\images\stickers\doodles\82.svg", "XML", 0, 0, 245, 0, 0, 0, 0, 0, 0, 1, 1, 247
"d:\Websites\Krish Sataisya - Portfolio\Projects\photo editing web application\assets\images\stickers\doodles\83.svg", "XML", 0, 0, 124, 0, 0, 0, 0, 0, 0, 1, 1, 126
"d:\Websites\Krish Sataisya - Portfolio\Projects\photo editing web application\assets\images\stickers\doodles\84.svg", "XML", 0, 0, 167, 0, 0, 0, 0, 0, 0, 1, 1, 169
"d:\Websites\Krish Sataisya - Portfolio\Projects\photo editing web application\assets\images\stickers\doodles\85.svg", "XML", 0, 0, 137, 0, 0, 0, 0, 0, 0, 1, 1, 139
"d:\Websites\Krish Sataisya - Portfolio\Projects\photo editing web application\assets\images\stickers\doodles\86.svg", "XML", 0, 0, 222, 0, 0, 0, 0, 0, 0, 1, 1, 224
"d:\Websites\Krish Sataisya - Portfolio\Projects\photo editing web application\assets\images\stickers\doodles\87.svg", "XML", 0, 0, 474, 0, 0, 0, 0, 0, 0, 1, 1, 476
"d:\Websites\Krish Sataisya - Portfolio\Projects\photo editing web application\assets\images\stickers\doodles\88.svg", "XML", 0, 0, 171, 0, 0, 0, 0, 0, 0, 1, 1, 173
"d:\Websites\Krish Sataisya - Portfolio\Projects\photo editing web application\assets\images\stickers\doodles\89.svg", "XML", 0, 0, 198, 0, 0, 0, 0, 0, 0, 1, 1, 200
"d:\Websites\Krish Sataisya - Portfolio\Projects\photo editing web application\assets\images\stickers\doodles\9.svg", "XML", 0, 0, 367, 0, 0, 0, 0, 0, 0, 1, 1, 369
"d:\Websites\Krish Sataisya - Portfolio\Projects\photo editing web application\assets\images\stickers\doodles\90.svg", "XML", 0, 0, 297, 0, 0, 0, 0, 0, 0, 1, 1, 299
"d:\Websites\Krish Sataisya - Portfolio\Projects\photo editing web application\assets\images\stickers\doodles\91.svg", "XML", 0, 0, 175, 0, 0, 0, 0, 0, 0, 1, 1, 177
"d:\Websites\Krish Sataisya - Portfolio\Projects\photo editing web application\assets\images\stickers\doodles\92.svg", "XML", 0, 0, 151, 0, 0, 0, 0, 0, 0, 1, 1, 153
"d:\Websites\Krish Sataisya - Portfolio\Projects\photo editing web application\assets\images\stickers\doodles\93.svg", "XML", 0, 0, 205, 0, 0, 0, 0, 0, 0, 1, 1, 207
"d:\Websites\Krish Sataisya - Portfolio\Projects\photo editing web application\assets\images\stickers\doodles\94.svg", "XML", 0, 0, 201, 0, 0, 0, 0, 0, 0, 1, 1, 203
"d:\Websites\Krish Sataisya - Portfolio\Projects\photo editing web application\assets\images\stickers\doodles\95.svg", "XML", 0, 0, 113, 0, 0, 0, 0, 0, 0, 1, 1, 115
"d:\Websites\Krish Sataisya - Portfolio\Projects\photo editing web application\assets\images\stickers\doodles\96.svg", "XML", 0, 0, 148, 0, 0, 0, 0, 0, 0, 1, 1, 150
"d:\Websites\Krish Sataisya - Portfolio\Projects\photo editing web application\assets\images\stickers\doodles\97.svg", "XML", 0, 0, 196, 0, 0, 0, 0, 0, 0, 1, 1, 198
"d:\Websites\Krish Sataisya - Portfolio\Projects\photo editing web application\assets\images\stickers\doodles\98.svg", "XML", 0, 0, 396, 0, 0, 0, 0, 0, 0, 1, 1, 398
"d:\Websites\Krish Sataisya - Portfolio\Projects\photo editing web application\assets\images\stickers\doodles\99.svg", "XML", 0, 0, 501, 0, 0, 0, 0, 0, 0, 1, 1, 503
"d:\Websites\Krish Sataisya - Portfolio\Projects\photo editing web application\assets\images\stickers\landmarks\1.svg", "XML", 0, 0, 45, 0, 0, 0, 0, 0, 0, 1, 1, 47
"d:\Websites\Krish Sataisya - Portfolio\Projects\photo editing web application\assets\images\stickers\landmarks\10.svg", "XML", 0, 0, 17, 0, 0, 0, 0, 0, 0, 1, 1, 19
"d:\Websites\Krish Sataisya - Portfolio\Projects\photo editing web application\assets\images\stickers\landmarks\100.svg", "XML", 0, 0, 37, 0, 0, 0, 0, 0, 0, 1, 1, 39
"d:\Websites\Krish Sataisya - Portfolio\Projects\photo editing web application\assets\images\stickers\landmarks\11.svg", "XML", 0, 0, 80, 0, 0, 0, 0, 0, 0, 1, 1, 82
"d:\Websites\Krish Sataisya - Portfolio\Projects\photo editing web application\assets\images\stickers\landmarks\12.svg", "XML", 0, 0, 76, 0, 0, 0, 0, 0, 0, 1, 1, 78
"d:\Websites\Krish Sataisya - Portfolio\Projects\photo editing web application\assets\images\stickers\landmarks\13.svg", "XML", 0, 0, 41, 0, 0, 0, 0, 0, 0, 1, 1, 43
"d:\Websites\Krish Sataisya - Portfolio\Projects\photo editing web application\assets\images\stickers\landmarks\14.svg", "XML", 0, 0, 77, 0, 0, 0, 0, 0, 0, 1, 1, 79
"d:\Websites\Krish Sataisya - Portfolio\Projects\photo editing web application\assets\images\stickers\landmarks\15.svg", "XML", 0, 0, 83, 0, 0, 0, 0, 0, 0, 1, 1, 85
"d:\Websites\Krish Sataisya - Portfolio\Projects\photo editing web application\assets\images\stickers\landmarks\16.svg", "XML", 0, 0, 86, 0, 0, 0, 0, 0, 0, 1, 1, 88
"d:\Websites\Krish Sataisya - Portfolio\Projects\photo editing web application\assets\images\stickers\landmarks\17.svg", "XML", 0, 0, 59, 0, 0, 0, 0, 0, 0, 1, 1, 61
"d:\Websites\Krish Sataisya - Portfolio\Projects\photo editing web application\assets\images\stickers\landmarks\18.svg", "XML", 0, 0, 29, 0, 0, 0, 0, 0, 0, 1, 1, 31
"d:\Websites\Krish Sataisya - Portfolio\Projects\photo editing web application\assets\images\stickers\landmarks\19.svg", "XML", 0, 0, 35, 0, 0, 0, 0, 0, 0, 1, 1, 37
"d:\Websites\Krish Sataisya - Portfolio\Projects\photo editing web application\assets\images\stickers\landmarks\2.svg", "XML", 0, 0, 27, 0, 0, 0, 0, 0, 0, 1, 1, 29
"d:\Websites\Krish Sataisya - Portfolio\Projects\photo editing web application\assets\images\stickers\landmarks\20.svg", "XML", 0, 0, 136, 0, 0, 0, 0, 0, 0, 1, 1, 138
"d:\Websites\Krish Sataisya - Portfolio\Projects\photo editing web application\assets\images\stickers\landmarks\21.svg", "XML", 0, 0, 62, 0, 0, 0, 0, 0, 0, 1, 1, 64
"d:\Websites\Krish Sataisya - Portfolio\Projects\photo editing web application\assets\images\stickers\landmarks\22.svg", "XML", 0, 0, 25, 0, 0, 0, 0, 0, 0, 1, 1, 27
"d:\Websites\Krish Sataisya - Portfolio\Projects\photo editing web application\assets\images\stickers\landmarks\23.svg", "XML", 0, 0, 51, 0, 0, 0, 0, 0, 0, 1, 1, 53
"d:\Websites\Krish Sataisya - Portfolio\Projects\photo editing web application\assets\images\stickers\landmarks\24.svg", "XML", 0, 0, 55, 0, 0, 0, 0, 0, 0, 1, 1, 57
"d:\Websites\Krish Sataisya - Portfolio\Projects\photo editing web application\assets\images\stickers\landmarks\25.svg", "XML", 0, 0, 39, 0, 0, 0, 0, 0, 0, 1, 1, 41
"d:\Websites\Krish Sataisya - Portfolio\Projects\photo editing web application\assets\images\stickers\landmarks\26.svg", "XML", 0, 0, 33, 0, 0, 0, 0, 0, 0, 1, 1, 35
"d:\Websites\Krish Sataisya - Portfolio\Projects\photo editing web application\assets\images\stickers\landmarks\27.svg", "XML", 0, 0, 31, 0, 0, 0, 0, 0, 0, 1, 1, 33
"d:\Websites\Krish Sataisya - Portfolio\Projects\photo editing web application\assets\images\stickers\landmarks\28.svg", "XML", 0, 0, 18, 0, 0, 0, 0, 0, 0, 1, 1, 20
"d:\Websites\Krish Sataisya - Portfolio\Projects\photo editing web application\assets\images\stickers\landmarks\29.svg", "XML", 0, 0, 22, 0, 0, 0, 0, 0, 0, 1, 1, 24
"d:\Websites\Krish Sataisya - Portfolio\Projects\photo editing web application\assets\images\stickers\landmarks\3.svg", "XML", 0, 0, 35, 0, 0, 0, 0, 0, 0, 1, 1, 37
"d:\Websites\Krish Sataisya - Portfolio\Projects\photo editing web application\assets\images\stickers\landmarks\30.svg", "XML", 0, 0, 35, 0, 0, 0, 0, 0, 0, 1, 1, 37
"d:\Websites\Krish Sataisya - Portfolio\Projects\photo editing web application\assets\images\stickers\landmarks\31.svg", "XML", 0, 0, 26, 0, 0, 0, 0, 0, 0, 1, 1, 28
"d:\Websites\Krish Sataisya - Portfolio\Projects\photo editing web application\assets\images\stickers\landmarks\32.svg", "XML", 0, 0, 24, 0, 0, 0, 0, 0, 0, 1, 1, 26
"d:\Websites\Krish Sataisya - Portfolio\Projects\photo editing web application\assets\images\stickers\landmarks\33.svg", "XML", 0, 0, 28, 0, 0, 0, 0, 0, 0, 1, 1, 30
"d:\Websites\Krish Sataisya - Portfolio\Projects\photo editing web application\assets\images\stickers\landmarks\34.svg", "XML", 0, 0, 71, 0, 0, 0, 0, 0, 0, 1, 1, 73
"d:\Websites\Krish Sataisya - Portfolio\Projects\photo editing web application\assets\images\stickers\landmarks\35.svg", "XML", 0, 0, 17, 0, 0, 0, 0, 0, 0, 1, 1, 19
"d:\Websites\Krish Sataisya - Portfolio\Projects\photo editing web application\assets\images\stickers\landmarks\36.svg", "XML", 0, 0, 44, 0, 0, 0, 0, 0, 0, 1, 1, 46
"d:\Websites\Krish Sataisya - Portfolio\Projects\photo editing web application\assets\images\stickers\landmarks\37.svg", "XML", 0, 0, 45, 0, 0, 0, 0, 0, 0, 1, 1, 47
"d:\Websites\Krish Sataisya - Portfolio\Projects\photo editing web application\assets\images\stickers\landmarks\38.svg", "XML", 0, 0, 43, 0, 0, 0, 0, 0, 0, 1, 1, 45
"d:\Websites\Krish Sataisya - Portfolio\Projects\photo editing web application\assets\images\stickers\landmarks\39.svg", "XML", 0, 0, 22, 0, 0, 0, 0, 0, 0, 1, 1, 24
"d:\Websites\Krish Sataisya - Portfolio\Projects\photo editing web application\assets\images\stickers\landmarks\4.svg", "XML", 0, 0, 32, 0, 0, 0, 0, 0, 0, 1, 1, 34
"d:\Websites\Krish Sataisya - Portfolio\Projects\photo editing web application\assets\images\stickers\landmarks\40.svg", "XML", 0, 0, 24, 0, 0, 0, 0, 0, 0, 1, 1, 26
"d:\Websites\Krish Sataisya - Portfolio\Projects\photo editing web application\assets\images\stickers\landmarks\41.svg", "XML", 0, 0, 68, 0, 0, 0, 0, 0, 0, 1, 1, 70
"d:\Websites\Krish Sataisya - Portfolio\Projects\photo editing web application\assets\images\stickers\landmarks\42.svg", "XML", 0, 0, 74, 0, 0, 0, 0, 0, 0, 1, 1, 76
"d:\Websites\Krish Sataisya - Portfolio\Projects\photo editing web application\assets\images\stickers\landmarks\43.svg", "XML", 0, 0, 43, 0, 0, 0, 0, 0, 0, 1, 1, 45
"d:\Websites\Krish Sataisya - Portfolio\Projects\photo editing web application\assets\images\stickers\landmarks\44.svg", "XML", 0, 0, 64, 0, 0, 0, 0, 0, 0, 1, 1, 66
"d:\Websites\Krish Sataisya - Portfolio\Projects\photo editing web application\assets\images\stickers\landmarks\45.svg", "XML", 0, 0, 18, 0, 0, 0, 0, 0, 0, 1, 1, 20
"d:\Websites\Krish Sataisya - Portfolio\Projects\photo editing web application\assets\images\stickers\landmarks\46.svg", "XML", 0, 0, 46, 0, 0, 0, 0, 0, 0, 1, 1, 48
"d:\Websites\Krish Sataisya - Portfolio\Projects\photo editing web application\assets\images\stickers\landmarks\47.svg", "XML", 0, 0, 543, 0, 0, 0, 0, 0, 0, 1, 1, 545
"d:\Websites\Krish Sataisya - Portfolio\Projects\photo editing web application\assets\images\stickers\landmarks\48.svg", "XML", 0, 0, 161, 0, 0, 0, 0, 0, 0, 1, 1, 163
"d:\Websites\Krish Sataisya - Portfolio\Projects\photo editing web application\assets\images\stickers\landmarks\49.svg", "XML", 0, 0, 69, 0, 0, 0, 0, 0, 0, 1, 1, 71
"d:\Websites\Krish Sataisya - Portfolio\Projects\photo editing web application\assets\images\stickers\landmarks\5.svg", "XML", 0, 0, 35, 0, 0, 0, 0, 0, 0, 1, 1, 37
"d:\Websites\Krish Sataisya - Portfolio\Projects\photo editing web application\assets\images\stickers\landmarks\50.svg", "XML", 0, 0, 51, 0, 0, 0, 0, 0, 0, 1, 1, 53
"d:\Websites\Krish Sataisya - Portfolio\Projects\photo editing web application\assets\images\stickers\landmarks\51.svg", "XML", 0, 0, 109, 0, 0, 0, 0, 0, 0, 1, 1, 111
"d:\Websites\Krish Sataisya - Portfolio\Projects\photo editing web application\assets\images\stickers\landmarks\52.svg", "XML", 0, 0, 40, 0, 0, 0, 0, 0, 0, 1, 1, 42
"d:\Websites\Krish Sataisya - Portfolio\Projects\photo editing web application\assets\images\stickers\landmarks\53.svg", "XML", 0, 0, 73, 0, 0, 0, 0, 0, 0, 1, 1, 75
"d:\Websites\Krish Sataisya - Portfolio\Projects\photo editing web application\assets\images\stickers\landmarks\54.svg", "XML", 0, 0, 35, 0, 0, 0, 0, 0, 0, 1, 1, 37
"d:\Websites\Krish Sataisya - Portfolio\Projects\photo editing web application\assets\images\stickers\landmarks\55.svg", "XML", 0, 0, 83, 0, 0, 0, 0, 0, 0, 1, 1, 85
"d:\Websites\Krish Sataisya - Portfolio\Projects\photo editing web application\assets\images\stickers\landmarks\56.svg", "XML", 0, 0, 92, 0, 0, 0, 0, 0, 0, 1, 1, 94
"d:\Websites\Krish Sataisya - Portfolio\Projects\photo editing web application\assets\images\stickers\landmarks\57.svg", "XML", 0, 0, 66, 0, 0, 0, 0, 0, 0, 1, 1, 68
"d:\Websites\Krish Sataisya - Portfolio\Projects\photo editing web application\assets\images\stickers\landmarks\58.svg", "XML", 0, 0, 100, 0, 0, 0, 0, 0, 0, 1, 1, 102
"d:\Websites\Krish Sataisya - Portfolio\Projects\photo editing web application\assets\images\stickers\landmarks\59.svg", "XML", 0, 0, 46, 0, 0, 0, 0, 0, 0, 1, 1, 48
"d:\Websites\Krish Sataisya - Portfolio\Projects\photo editing web application\assets\images\stickers\landmarks\6.svg", "XML", 0, 0, 58, 0, 0, 0, 0, 0, 0, 1, 1, 60
"d:\Websites\Krish Sataisya - Portfolio\Projects\photo editing web application\assets\images\stickers\landmarks\60.svg", "XML", 0, 0, 133, 0, 0, 0, 0, 0, 0, 1, 1, 135
"d:\Websites\Krish Sataisya - Portfolio\Projects\photo editing web application\assets\images\stickers\landmarks\61.svg", "XML", 0, 0, 78, 0, 0, 0, 0, 0, 0, 1, 1, 80
"d:\Websites\Krish Sataisya - Portfolio\Projects\photo editing web application\assets\images\stickers\landmarks\62.svg", "XML", 0, 0, 42, 0, 0, 0, 0, 0, 0, 1, 1, 44
"d:\Websites\Krish Sataisya - Portfolio\Projects\photo editing web application\assets\images\stickers\landmarks\63.svg", "XML", 0, 0, 82, 0, 0, 0, 0, 0, 0, 1, 1, 84
"d:\Websites\Krish Sataisya - Portfolio\Projects\photo editing web application\assets\images\stickers\landmarks\64.svg", "XML", 0, 0, 98, 0, 0, 0, 0, 0, 0, 1, 1, 100
"d:\Websites\Krish Sataisya - Portfolio\Projects\photo editing web application\assets\images\stickers\landmarks\65.svg", "XML", 0, 0, 78, 0, 0, 0, 0, 0, 0, 1, 1, 80
"d:\Websites\Krish Sataisya - Portfolio\Projects\photo editing web application\assets\images\stickers\landmarks\66.svg", "XML", 0, 0, 36, 0, 0, 0, 0, 0, 0, 1, 1, 38
"d:\Websites\Krish Sataisya - Portfolio\Projects\photo editing web application\assets\images\stickers\landmarks\67.svg", "XML", 0, 0, 81, 0, 0, 0, 0, 0, 0, 1, 1, 83
"d:\Websites\Krish Sataisya - Portfolio\Projects\photo editing web application\assets\images\stickers\landmarks\68.svg", "XML", 0, 0, 215, 0, 0, 0, 0, 0, 0, 1, 1, 217
"d:\Websites\Krish Sataisya - Portfolio\Projects\photo editing web application\assets\images\stickers\landmarks\69.svg", "XML", 0, 0, 16, 0, 0, 0, 0, 0, 0, 1, 1, 18
"d:\Websites\Krish Sataisya - Portfolio\Projects\photo editing web application\assets\images\stickers\landmarks\7.svg", "XML", 0, 0, 15, 0, 0, 0, 0, 0, 0, 1, 1, 17
"d:\Websites\Krish Sataisya - Portfolio\Projects\photo editing web application\assets\images\stickers\landmarks\70.svg", "XML", 0, 0, 44, 0, 0, 0, 0, 0, 0, 1, 1, 46
"d:\Websites\Krish Sataisya - Portfolio\Projects\photo editing web application\assets\images\stickers\landmarks\71.svg", "XML", 0, 0, 36, 0, 0, 0, 0, 0, 0, 1, 1, 38
"d:\Websites\Krish Sataisya - Portfolio\Projects\photo editing web application\assets\images\stickers\landmarks\72.svg", "XML", 0, 0, 27, 0, 0, 0, 0, 0, 0, 1, 1, 29
"d:\Websites\Krish Sataisya - Portfolio\Projects\photo editing web application\assets\images\stickers\landmarks\73.svg", "XML", 0, 0, 24, 0, 0, 0, 0, 0, 0, 1, 1, 26
"d:\Websites\Krish Sataisya - Portfolio\Projects\photo editing web application\assets\images\stickers\landmarks\74.svg", "XML", 0, 0, 22, 0, 0, 0, 0, 0, 0, 1, 1, 24
"d:\Websites\Krish Sataisya - Portfolio\Projects\photo editing web application\assets\images\stickers\landmarks\75.svg", "XML", 0, 0, 87, 0, 0, 0, 0, 0, 0, 1, 1, 89
"d:\Websites\Krish Sataisya - Portfolio\Projects\photo editing web application\assets\images\stickers\landmarks\76.svg", "XML", 0, 0, 24, 0, 0, 0, 0, 0, 0, 1, 1, 26
"d:\Websites\Krish Sataisya - Portfolio\Projects\photo editing web application\assets\images\stickers\landmarks\77.svg", "XML", 0, 0, 22, 0, 0, 0, 0, 0, 0, 1, 1, 24
"d:\Websites\Krish Sataisya - Portfolio\Projects\photo editing web application\assets\images\stickers\landmarks\78.svg", "XML", 0, 0, 62, 0, 0, 0, 0, 0, 0, 1, 1, 64
"d:\Websites\Krish Sataisya - Portfolio\Projects\photo editing web application\assets\images\stickers\landmarks\79.svg", "XML", 0, 0, 24, 0, 0, 0, 0, 0, 0, 1, 1, 26
"d:\Websites\Krish Sataisya - Portfolio\Projects\photo editing web application\assets\images\stickers\landmarks\8.svg", "XML", 0, 0, 51, 0, 0, 0, 0, 0, 0, 1, 1, 53
"d:\Websites\Krish Sataisya - Portfolio\Projects\photo editing web application\assets\images\stickers\landmarks\80.svg", "XML", 0, 0, 28, 0, 0, 0, 0, 0, 0, 1, 1, 30
"d:\Websites\Krish Sataisya - Portfolio\Projects\photo editing web application\assets\images\stickers\landmarks\81.svg", "XML", 0, 0, 43, 0, 0, 0, 0, 0, 0, 1, 1, 45
"d:\Websites\Krish Sataisya - Portfolio\Projects\photo editing web application\assets\images\stickers\landmarks\82.svg", "XML", 0, 0, 82, 0, 0, 0, 0, 0, 0, 1, 1, 84
"d:\Websites\Krish Sataisya - Portfolio\Projects\photo editing web application\assets\images\stickers\landmarks\83.svg", "XML", 0, 0, 64, 0, 0, 0, 0, 0, 0, 1, 1, 66
"d:\Websites\Krish Sataisya - Portfolio\Projects\photo editing web application\assets\images\stickers\landmarks\84.svg", "XML", 0, 0, 30, 0, 0, 0, 0, 0, 0, 1, 1, 32
"d:\Websites\Krish Sataisya - Portfolio\Projects\photo editing web application\assets\images\stickers\landmarks\85.svg", "XML", 0, 0, 29, 0, 0, 0, 0, 0, 0, 1, 1, 31
"d:\Websites\Krish Sataisya - Portfolio\Projects\photo editing web application\assets\images\stickers\landmarks\86.svg", "XML", 0, 0, 25, 0, 0, 0, 0, 0, 0, 1, 1, 27
"d:\Websites\Krish Sataisya - Portfolio\Projects\photo editing web application\assets\images\stickers\landmarks\87.svg", "XML", 0, 0, 131, 0, 0, 0, 0, 0, 0, 1, 1, 133
"d:\Websites\Krish Sataisya - Portfolio\Projects\photo editing web application\assets\images\stickers\landmarks\88.svg", "XML", 0, 0, 92, 0, 0, 0, 0, 0, 0, 1, 1, 94
"d:\Websites\Krish Sataisya - Portfolio\Projects\photo editing web application\assets\images\stickers\landmarks\89.svg", "XML", 0, 0, 90, 0, 0, 0, 0, 0, 0, 1, 1, 92
"d:\Websites\Krish Sataisya - Portfolio\Projects\photo editing web application\assets\images\stickers\landmarks\9.svg", "XML", 0, 0, 69, 0, 0, 0, 0, 0, 0, 1, 1, 71
"d:\Websites\Krish Sataisya - Portfolio\Projects\photo editing web application\assets\images\stickers\landmarks\90.svg", "XML", 0, 0, 64, 0, 0, 0, 0, 0, 0, 1, 1, 66
"d:\Websites\Krish Sataisya - Portfolio\Projects\photo editing web application\assets\images\stickers\landmarks\91.svg", "XML", 0, 0, 35, 0, 0, 0, 0, 0, 0, 1, 1, 37
"d:\Websites\Krish Sataisya - Portfolio\Projects\photo editing web application\assets\images\stickers\landmarks\92.svg", "XML", 0, 0, 65, 0, 0, 0, 0, 0, 0, 1, 1, 67
"d:\Websites\Krish Sataisya - Portfolio\Projects\photo editing web application\assets\images\stickers\landmarks\93.svg", "XML", 0, 0, 64, 0, 0, 0, 0, 0, 0, 1, 1, 66
"d:\Websites\Krish Sataisya - Portfolio\Projects\photo editing web application\assets\images\stickers\landmarks\94.svg", "XML", 0, 0, 27, 0, 0, 0, 0, 0, 0, 1, 1, 29
"d:\Websites\Krish Sataisya - Portfolio\Projects\photo editing web application\assets\images\stickers\landmarks\95.svg", "XML", 0, 0, 30, 0, 0, 0, 0, 0, 0, 1, 1, 32
"d:\Websites\Krish Sataisya - Portfolio\Projects\photo editing web application\assets\images\stickers\landmarks\96.svg", "XML", 0, 0, 24, 0, 0, 0, 0, 0, 0, 1, 1, 26
"d:\Websites\Krish Sataisya - Portfolio\Projects\photo editing web application\assets\images\stickers\landmarks\97.svg", "XML", 0, 0, 30, 0, 0, 0, 0, 0, 0, 1, 1, 32
"d:\Websites\Krish Sataisya - Portfolio\Projects\photo editing web application\assets\images\stickers\landmarks\98.svg", "XML", 0, 0, 51, 0, 0, 0, 0, 0, 0, 1, 1, 53
"d:\Websites\Krish Sataisya - Portfolio\Projects\photo editing web application\assets\images\stickers\landmarks\99.svg", "XML", 0, 0, 55, 0, 0, 0, 0, 0, 0, 1, 1, 57
"d:\Websites\Krish Sataisya - Portfolio\Projects\photo editing web application\assets\images\stickers\transportation\1.svg", "XML", 0, 0, 9, 0, 0, 0, 0, 0, 0, 1, 1, 11
"d:\Websites\Krish Sataisya - Portfolio\Projects\photo editing web application\assets\images\stickers\transportation\10.svg", "XML", 0, 0, 15, 0, 0, 0, 0, 0, 0, 1, 1, 17
"d:\Websites\Krish Sataisya - Portfolio\Projects\photo editing web application\assets\images\stickers\transportation\11.svg", "XML", 0, 0, 29, 0, 0, 0, 0, 0, 0, 1, 1, 31
"d:\Websites\Krish Sataisya - Portfolio\Projects\photo editing web application\assets\images\stickers\transportation\12.svg", "XML", 0, 0, 21, 0, 0, 0, 0, 0, 0, 1, 1, 23
"d:\Websites\Krish Sataisya - Portfolio\Projects\photo editing web application\assets\images\stickers\transportation\13.svg", "XML", 0, 0, 23, 0, 0, 0, 0, 0, 0, 1, 1, 25
"d:\Websites\Krish Sataisya - Portfolio\Projects\photo editing web application\assets\images\stickers\transportation\14.svg", "XML", 0, 0, 18, 0, 0, 0, 0, 0, 0, 1, 1, 20
"d:\Websites\Krish Sataisya - Portfolio\Projects\photo editing web application\assets\images\stickers\transportation\15.svg", "XML", 0, 0, 22, 0, 0, 0, 0, 0, 0, 1, 1, 24
"d:\Websites\Krish Sataisya - Portfolio\Projects\photo editing web application\assets\images\stickers\transportation\16.svg", "XML", 0, 0, 24, 0, 0, 0, 0, 0, 0, 1, 1, 26
"d:\Websites\Krish Sataisya - Portfolio\Projects\photo editing web application\assets\images\stickers\transportation\17.svg", "XML", 0, 0, 33, 0, 0, 0, 0, 0, 0, 1, 1, 35
"d:\Websites\Krish Sataisya - Portfolio\Projects\photo editing web application\assets\images\stickers\transportation\18.svg", "XML", 0, 0, 28, 0, 0, 0, 0, 0, 0, 1, 1, 30
"d:\Websites\Krish Sataisya - Portfolio\Projects\photo editing web application\assets\images\stickers\transportation\19.svg", "XML", 0, 0, 23, 0, 0, 0, 0, 0, 0, 1, 1, 25
"d:\Websites\Krish Sataisya - Portfolio\Projects\photo editing web application\assets\images\stickers\transportation\2.svg", "XML", 0, 0, 26, 0, 0, 0, 0, 0, 0, 1, 1, 28
"d:\Websites\Krish Sataisya - Portfolio\Projects\photo editing web application\assets\images\stickers\transportation\20.svg", "XML", 0, 0, 24, 0, 0, 0, 0, 0, 0, 1, 1, 26
"d:\Websites\Krish Sataisya - Portfolio\Projects\photo editing web application\assets\images\stickers\transportation\21.svg", "XML", 0, 0, 21, 0, 0, 0, 0, 0, 0, 1, 1, 23
"d:\Websites\Krish Sataisya - Portfolio\Projects\photo editing web application\assets\images\stickers\transportation\22.svg", "XML", 0, 0, 25, 0, 0, 0, 0, 0, 0, 1, 1, 27
"d:\Websites\Krish Sataisya - Portfolio\Projects\photo editing web application\assets\images\stickers\transportation\3.svg", "XML", 0, 0, 17, 0, 0, 0, 0, 0, 0, 1, 1, 19
"d:\Websites\Krish Sataisya - Portfolio\Projects\photo editing web application\assets\images\stickers\transportation\4.svg", "XML", 0, 0, 23, 0, 0, 0, 0, 0, 0, 1, 1, 25
"d:\Websites\Krish Sataisya - Portfolio\Projects\photo editing web application\assets\images\stickers\transportation\5.svg", "XML", 0, 0, 14, 0, 0, 0, 0, 0, 0, 1, 1, 16
"d:\Websites\Krish Sataisya - Portfolio\Projects\photo editing web application\assets\images\stickers\transportation\6.svg", "XML", 0, 0, 24, 0, 0, 0, 0, 0, 0, 1, 1, 26
"d:\Websites\Krish Sataisya - Portfolio\Projects\photo editing web application\assets\images\stickers\transportation\7.svg", "XML", 0, 0, 16, 0, 0, 0, 0, 0, 0, 1, 1, 18
"d:\Websites\Krish Sataisya - Portfolio\Projects\photo editing web application\assets\images\stickers\transportation\8.svg", "XML", 0, 0, 27, 0, 0, 0, 0, 0, 0, 1, 1, 29
"d:\Websites\Krish Sataisya - Portfolio\Projects\photo editing web application\assets\images\stickers\transportation\9.svg", "XML", 0, 0, 22, 0, 0, 0, 0, 0, 0, 1, 1, 24
"d:\Websites\Krish Sataisya - Portfolio\Projects\photo editing web application\assets\js\editor\App.js", "JavaScript", 143, 0, 0, 0, 0, 0, 0, 0, 0, 9, 36, 188
"d:\Websites\Krish Sataisya - Portfolio\Projects\photo editing web application\assets\js\editor\Canvas.js", "JavaScript", 230, 0, 0, 0, 0, 0, 0, 0, 0, 24, 65, 319
"d:\Websites\Krish Sataisya - Portfolio\Projects\photo editing web application\assets\js\editor\EditorController.js", "JavaScript", 79, 0, 0, 0, 0, 0, 0, 0, 0, 9, 21, 109
"d:\Websites\Krish Sataisya - Portfolio\Projects\photo editing web application\assets\js\editor\EditorUploadsController.js", "JavaScript", 15, 0, 0, 0, 0, 0, 0, 0, 0, 2, 4, 21
"d:\Websites\Krish Sataisya - Portfolio\Projects\photo editing web application\assets\js\editor\History.js", "JavaScript", 78, 0, 0, 0, 0, 0, 0, 0, 0, 6, 21, 105
"d:\Websites\Krish Sataisya - Portfolio\Projects\photo editing web application\assets\js\editor\Keybinds.js", "JavaScript", 83, 0, 0, 0, 0, 0, 0, 0, 0, 0, 20, 103
"d:\Websites\Krish Sataisya - Portfolio\Projects\photo editing web application\assets\js\editor\LocalStorage.js", "JavaScript", 22, 0, 0, 0, 0, 0, 0, 0, 0, 23, 10, 55
"d:\Websites\Krish Sataisya - Portfolio\Projects\photo editing web application\assets\js\editor\Saver.js", "JavaScript", 71, 0, 0, 0, 0, 0, 0, 0, 0, 5, 24, 100
"d:\Websites\Krish Sataisya - Portfolio\Projects\photo editing web application\assets\js\editor\Settings.js", "JavaScript", 14, 0, 0, 0, 0, 0, 0, 0, 0, 0, 6, 20
"d:\Websites\Krish Sataisya - Portfolio\Projects\photo editing web application\assets\js\editor\TopPanelController.js", "JavaScript", 133, 0, 0, 0, 0, 0, 0, 0, 0, 0, 38, 171
"d:\Websites\Krish Sataisya - Portfolio\Projects\photo editing web application\assets\js\editor\basics\CanvasBackgroundController.js", "JavaScript", 16, 0, 0, 0, 0, 0, 0, 0, 0, 0, 4, 20
"d:\Websites\Krish Sataisya - Portfolio\Projects\photo editing web application\assets\js\editor\basics\ResizeController.js", "JavaScript", 86, 0, 0, 0, 0, 0, 0, 0, 0, 5, 22, 113
"d:\Websites\Krish Sataisya - Portfolio\Projects\photo editing web application\assets\js\editor\basics\RotateController.js", "JavaScript", 80, 0, 0, 0, 0, 0, 0, 0, 0, 2, 23, 105
"d:\Websites\Krish Sataisya - Portfolio\Projects\photo editing web application\assets\js\editor\basics\RoundedCornersController.js", "JavaScript", 67, 0, 0, 0, 0, 0, 0, 0, 0, 0, 16, 83
"d:\Websites\Krish Sataisya - Portfolio\Projects\photo editing web application\assets\js\editor\crop\cropController.js", "JavaScript", 19, 0, 0, 0, 0, 0, 0, 0, 0, 0, 5, 24
"d:\Websites\Krish Sataisya - Portfolio\Projects\photo editing web application\assets\js\editor\crop\cropper.js", "JavaScript", 52, 0, 0, 0, 0, 0, 0, 0, 0, 0, 19, 71
"d:\Websites\Krish Sataisya - Portfolio\Projects\photo editing web application\assets\js\editor\crop\cropzone.js", "JavaScript", 305, 0, 0, 0, 0, 0, 0, 0, 0, 9, 83, 397
"d:\Websites\Krish Sataisya - Portfolio\Projects\photo editing web application\assets\js\editor\directives\ColorPicker.js", "JavaScript", 44, 0, 0, 0, 0, 0, 0, 0, 0, 0, 8, 52
"d:\Websites\Krish Sataisya - Portfolio\Projects\photo editing web application\assets\js\editor\directives\FileUploader.js", "JavaScript", 30, 0, 0, 0, 0, 0, 0, 0, 0, 1, 8, 39
"d:\Websites\Krish Sataisya - Portfolio\Projects\photo editing web application\assets\js\editor\directives\LazyShow.js", "JavaScript", 25, 0, 0, 0, 0, 0, 0, 0, 0, 0, 3, 28
"d:\Websites\Krish Sataisya - Portfolio\Projects\photo editing web application\assets\js\editor\directives\PrettyScrollbar.js", "JavaScript", 26, 0, 0, 0, 0, 0, 0, 0, 0, 1, 2, 29
"d:\Websites\Krish Sataisya - Portfolio\Projects\photo editing web application\assets\js\editor\directives\Slider.js", "JavaScript", 46, 0, 0, 0, 0, 0, 0, 0, 0, 0, 10, 56
"d:\Websites\Krish Sataisya - Portfolio\Projects\photo editing web application\assets\js\editor\directives\Tabs.js", "JavaScript", 49, 0, 0, 0, 0, 0, 0, 0, 0, 2, 14, 65
"d:\Websites\Krish Sataisya - Portfolio\Projects\photo editing web application\assets\js\editor\directives\TogglePanelVisibility.js", "JavaScript", 14, 0, 0, 0, 0, 0, 0, 0, 0, 0, 2, 16
"d:\Websites\Krish Sataisya - Portfolio\Projects\photo editing web application\assets\js\editor\directives\ToggleSidebar.js", "JavaScript", 12, 0, 0, 0, 0, 0, 0, 0, 0, 0, 2, 14
"d:\Websites\Krish Sataisya - Portfolio\Projects\photo editing web application\assets\js\editor\drawing\Drawing.js", "JavaScript", 140, 0, 0, 0, 0, 0, 0, 0, 0, 9, 51, 200
"d:\Websites\Krish Sataisya - Portfolio\Projects\photo editing web application\assets\js\editor\drawing\DrawingController.js", "JavaScript", 48, 0, 0, 0, 0, 0, 0, 0, 0, 0, 12, 60
"d:\Websites\Krish Sataisya - Portfolio\Projects\photo editing web application\assets\js\editor\drawing\RenderBrushesDirective.js", "JavaScript", 20, 0, 0, 0, 0, 0, 0, 0, 0, 0, 4, 24
"d:\Websites\Krish Sataisya - Portfolio\Projects\photo editing web application\assets\js\editor\filters\Filters.js", "JavaScript", 170, 0, 0, 0, 0, 0, 0, 0, 0, 1, 33, 204
"d:\Websites\Krish Sataisya - Portfolio\Projects\photo editing web application\assets\js\editor\filters\FiltersController.js", "JavaScript", 14, 0, 0, 0, 0, 0, 0, 0, 0, 0, 7, 21
"d:\Websites\Krish Sataisya - Portfolio\Projects\photo editing web application\assets\js\editor\objects\ObjectsPanelController.js", "JavaScript", 86, 0, 0, 0, 0, 0, 0, 0, 0, 2, 16, 104
"d:\Websites\Krish Sataisya - Portfolio\Projects\photo editing web application\assets\js\editor\objects\ObjectsPanelSortableDirective.js", "JavaScript", 40, 0, 0, 0, 0, 0, 0, 0, 0, 4, 11, 55
"d:\Websites\Krish Sataisya - Portfolio\Projects\photo editing web application\assets\js\editor\resources\colors.js", "JavaScript", 1, 0, 0, 0, 0, 0, 0, 0, 0, 0, 0, 1
"d:\Websites\Krish Sataisya - Portfolio\Projects\photo editing web application\assets\js\editor\resources\gradients.js", "JavaScript", 157, 0, 0, 0, 0, 0, 0, 0, 0, 0, 8, 165
"d:\Websites\Krish Sataisya - Portfolio\Projects\photo editing web application\assets\js\editor\shapes\Polygon.js", "JavaScript", 98, 0, 0, 0, 0, 0, 0, 0, 0, 0, 19, 117
"d:\Websites\Krish Sataisya - Portfolio\Projects\photo editing web application\assets\js\editor\shapes\SimpleShapes.js", "JavaScript", 192, 0, 0, 0, 0, 0, 0, 0, 0, 20, 54, 266
"d:\Websites\Krish Sataisya - Portfolio\Projects\photo editing web application\assets\js\editor\shapes\SimpleShapesController.js", "JavaScript", 13, 0, 0, 0, 0, 0, 0, 0, 0, 0, 4, 17
"d:\Websites\Krish Sataisya - Portfolio\Projects\photo editing web application\assets\js\editor\shapes\StickersCategories.js", "JavaScript", 28, 0, 0, 0, 0, 0, 0, 0, 0, 2, 9, 39
"d:\Websites\Krish Sataisya - Portfolio\Projects\photo editing web application\assets\js\editor\shapes\StickersController.js", "JavaScript", 80, 0, 0, 0, 0, 0, 0, 0, 0, 1, 21, 102
"d:\Websites\Krish Sataisya - Portfolio\Projects\photo editing web application\assets\js\editor\text\Fonts.js", "JavaScript", 90, 0, 0, 0, 0, 0, 0, 0, 0, 53, 31, 174
"d:\Websites\Krish Sataisya - Portfolio\Projects\photo editing web application\assets\js\editor\text\Text.js", "JavaScript", 71, 0, 0, 0, 0, 0, 0, 0, 0, 17, 25, 113
"d:\Websites\Krish Sataisya - Portfolio\Projects\photo editing web application\assets\js\editor\text\TextAlignButtons.js", "JavaScript", 14, 0, 0, 0, 0, 0, 0, 0, 0, 0, 5, 19
"d:\Websites\Krish Sataisya - Portfolio\Projects\photo editing web application\assets\js\editor\text\TextController.js", "JavaScript", 59, 0, 0, 0, 0, 0, 0, 0, 0, 1, 15, 75
"d:\Websites\Krish Sataisya - Portfolio\Projects\photo editing web application\assets\js\editor\text\TextDecorationButtons.js", "JavaScript", 16, 0, 0, 0, 0, 0, 0, 0, 0, 0, 6, 22
"d:\Websites\Krish Sataisya - Portfolio\Projects\photo editing web application\assets\js\editor\zoomController.js", "JavaScript", 40, 0, 0, 0, 0, 0, 0, 0, 0, 1, 18, 59
"d:\Websites\Krish Sataisya - Portfolio\Projects\photo editing web application\assets\js\scripts.min.js", "JavaScript", 26, 0, 0, 0, 0, 0, 0, 0, 0, 0, 0, 26
"d:\Websites\Krish Sataisya - Portfolio\Projects\photo editing web application\assets\js\vendor\File-saver.js", "JavaScript", 310, 0, 0, 0, 0, 0, 0, 0, 0, 51, 13, 374
"d:\Websites\Krish Sataisya - Portfolio\Projects\photo editing web application\assets\js\vendor\angular-animate.js", "JavaScript", 1108, 0, 0, 0, 0, 0, 0, 0, 0, 848, 183, 2139
"d:\Websites\Krish Sataisya - Portfolio\Projects\photo editing web application\assets\js\vendor\angular-aria.js", "JavaScript", 178, 0, 0, 0, 0, 0, 0, 0, 0, 139, 23, 340
"d:\Websites\Krish Sataisya - Portfolio\Projects\photo editing web application\assets\js\vendor\angular-material.js", "JavaScript", 8783, 0, 0, 0, 0, 0, 0, 0, 0, 4952, 1692, 15427
"d:\Websites\Krish Sataisya - Portfolio\Projects\photo editing web application\assets\js\vendor\angular-sortable.js", "JavaScript", 228, 0, 0, 0, 0, 0, 0, 0, 0, 77, 46, 351
"d:\Websites\Krish Sataisya - Portfolio\Projects\photo editing web application\assets\js\vendor\angular.min.js", "JavaScript", 244, 0, 0, 0, 0, 0, 0, 0, 0, 6, 1, 251
"d:\Websites\Krish Sataisya - Portfolio\Projects\photo editing web application\assets\js\vendor\fabric.js", "JavaScript", 8, 0, 0, 0, 0, 0, 0, 0, 0, 0, 4, 12
"d:\Websites\Krish Sataisya - Portfolio\Projects\photo editing web application\assets\js\vendor\hammer.js", "JavaScript", 1, 0, 0, 0, 0, 0, 0, 0, 0, 6, 0, 7
"d:\Websites\Krish Sataisya - Portfolio\Projects\photo editing web application\assets\js\vendor\jquery-ui.js", "JavaScript", 2522, 0, 0, 0, 0, 0, 0, 0, 0, 337, 604, 3463
"d:\Websites\Krish Sataisya - Portfolio\Projects\photo editing web application\assets\js\vendor\jquery.js", "JavaScript", 3, 0, 0, 0, 0, 0, 0, 0, 0, 1, 1, 5
"d:\Websites\Krish Sataisya - Portfolio\Projects\photo editing web application\assets\js\vendor\pagination.js", "JavaScript", 259, 0, 0, 0, 0, 0, 0, 0, 0, 19, 47, 325
"d:\Websites\Krish Sataisya - Portfolio\Projects\photo editing web application\assets\js\vendor\scrollbar.js", "JavaScript", 3, 0, 0, 0, 0, 0, 0, 0, 0, 2, 0, 5
"d:\Websites\Krish Sataisya - Portfolio\Projects\photo editing web application\assets\js\vendor\spectrum.js", "JavaScript", 1781, 0, 0, 0, 0, 0, 0, 0, 0, 189, 318, 2288
"d:\Websites\Krish Sataisya - Portfolio\Projects\photo editing web application\assets\less\integrate.less", "Less", 0, 0, 0, 0, 0, 0, 0, 59, 0, 0, 6, 65
"d:\Websites\Krish Sataisya - Portfolio\Projects\photo editing web application\assets\less\main.less", "Less", 0, 0, 0, 0, 0, 0, 0, 1311, 0, 3, 280, 1594
"d:\Websites\Krish Sataisya - Portfolio\Projects\photo editing web application\assets\less\vendor\angular-material.less", "Less", 0, 0, 0, 0, 0, 0, 0, 6776, 0, 60, 366, 7202
"d:\Websites\Krish Sataisya - Portfolio\Projects\photo editing web application\assets\less\vendor\animate.less", "Less", 0, 0, 0, 0, 0, 0, 0, 2655, 0, 10, 494, 3159
"d:\Websites\Krish Sataisya - Portfolio\Projects\photo editing web application\assets\less\vendor\bootstrap\_csscomb.json", "JSON", 0, 304, 0, 0, 0, 0, 0, 0, 0, 0, 1, 305
"d:\Websites\Krish Sataisya - Portfolio\Projects\photo editing web application\assets\less\vendor\bootstrap\alerts.less", "Less", 0, 0, 0, 0, 0, 0, 0, 42, 0, 16, 11, 69
"d:\Websites\Krish Sataisya - Portfolio\Projects\photo editing web application\assets\less\vendor\bootstrap\badges.less", "Less", 0, 0, 0, 0, 0, 0, 0, 47, 0, 8, 7, 62
"d:\Websites\Krish Sataisya - Portfolio\Projects\photo editing web application\assets\less\vendor\bootstrap\bootstrap.less", "Less", 0, 0, 0, 0, 0, 0, 0, 39, 0, 6, 6, 51
"d:\Websites\Krish Sataisya - Portfolio\Projects\photo editing web application\assets\less\vendor\bootstrap\breadcrumbs.less", "Less", 0, 0, 0, 0, 0, 0, 0, 18, 0, 3, 6, 27
"d:\Websites\Krish Sataisya - Portfolio\Projects\photo editing web application\assets\less\vendor\bootstrap\button-groups.less", "Less", 0, 0, 0, 0, 0, 0, 0, 173, 0, 39, 32, 244
"d:\Websites\Krish Sataisya - Portfolio\Projects\photo editing web application\assets\less\vendor\bootstrap\buttons.less", "Less", 0, 0, 0, 0, 0, 0, 0, 116, 0, 22, 23, 161
"d:\Websites\Krish Sataisya - Portfolio\Projects\photo editing web application\assets\less\vendor\bootstrap\carousel.less", "Less", 0, 0, 0, 0, 0, 0, 0, 205, 0, 32, 31, 268
"d:\Websites\Krish Sataisya - Portfolio\Projects\photo editing web application\assets\less\vendor\bootstrap\close.less", "Less", 0, 0, 0, 0, 0, 0, 0, 23, 0, 6, 5, 34
"d:\Websites\Krish Sataisya - Portfolio\Projects\photo editing web application\assets\less\vendor\bootstrap\code.less", "Less", 0, 0, 0, 0, 0, 0, 0, 52, 0, 9, 9, 70
"d:\Websites\Krish Sataisya - Portfolio\Projects\photo editing web application\assets\less\vendor\bootstrap\component-animations.less", "Less", 0, 0, 0, 0, 0, 0, 0, 22, 0, 7, 6, 35
"d:\Websites\Krish Sataisya - Portfolio\Projects\photo editing web application\assets\less\vendor\bootstrap\dropdowns.less", "Less", 0, 0, 0, 0, 0, 0, 0, 144, 0, 45, 25, 214
"d:\Websites\Krish Sataisya - Portfolio\Projects\photo editing web application\assets\less\vendor\bootstrap\forms.less", "Less", 0, 0, 0, 0, 0, 0, 0, 333, 0, 137, 77, 547
"d:\Websites\Krish Sataisya - Portfolio\Projects\photo editing web application\assets\less\vendor\bootstrap\glyphicons.less", "Less", 0, 0, 0, 0, 0, 0, 0, 220, 0, 11, 4, 235
"d:\Websites\Krish Sataisya - Portfolio\Projects\photo editing web application\assets\less\vendor\bootstrap\grid.less", "Less", 0, 0, 0, 0, 0, 0, 0, 29, 0, 30, 26, 85
"d:\Websites\Krish Sataisya - Portfolio\Projects\photo editing web application\assets\less\vendor\bootstrap\input-groups.less", "Less", 0, 0, 0, 0, 0, 0, 0, 118, 0, 31, 18, 167
"d:\Websites\Krish Sataisya - Portfolio\Projects\photo editing web application\assets\less\vendor\bootstrap\jumbotron.less", "Less", 0, 0, 0, 0, 0, 0, 0, 37, 0, 3, 10, 50
"d:\Websites\Krish Sataisya - Portfolio\Projects\photo editing web application\assets\less\vendor\bootstrap\labels.less", "Less", 0, 0, 0, 0, 0, 0, 0, 45, 0, 8, 12, 65
"d:\Websites\Krish Sataisya - Portfolio\Projects\photo editing web application\assets\less\vendor\bootstrap\list-group.less", "Less", 0, 0, 0, 0, 0, 0, 0, 74, 0, 28, 23, 125
"d:\Websites\Krish Sataisya - Portfolio\Projects\photo editing web application\assets\less\vendor\bootstrap\media.less", "Less", 0, 0, 0, 0, 0, 0, 0, 34, 0, 5, 9, 48
"d:\Websites\Krish Sataisya - Portfolio\Projects\photo editing web application\assets\less\vendor\bootstrap\mixins.less", "Less", 0, 0, 0, 0, 0, 0, 0, 29, 0, 6, 5, 40
"d:\Websites\Krish Sataisya - Portfolio\Projects\photo editing web application\assets\less\vendor\bootstrap\mixins\alerts.less", "Less", 0, 0, 0, 0, 0, 0, 0, 11, 0, 1, 3, 15
"d:\Websites\Krish Sataisya - Portfolio\Projects\photo editing web application\assets\less\vendor\bootstrap\mixins\background-variant.less", "Less", 0, 0, 0, 0, 0, 0, 0, 6, 0, 1, 2, 9
"d:\Websites\Krish Sataisya - Portfolio\Projects\photo editing web application\assets\less\vendor\bootstrap\mixins\border-radius.less", "Less", 0, 0, 0, 0, 0, 0, 0, 16, 0, 1, 2, 19
"d:\Websites\Krish Sataisya - Portfolio\Projects\photo editing web application\assets\less\vendor\bootstrap\mixins\buttons.less", "Less", 0, 0, 0, 0, 0, 0, 0, 43, 0, 5, 5, 53
"d:\Websites\Krish Sataisya - Portfolio\Projects\photo editing web application\assets\less\vendor\bootstrap\mixins\center-block.less", "Less", 0, 0, 0, 0, 0, 0, 0, 5, 0, 1, 2, 8
"d:\Websites\Krish Sataisya - Portfolio\Projects\photo editing web application\assets\less\vendor\bootstrap\mixins\clearfix.less", "Less", 0, 0, 0, 0, 0, 0, 0, 10, 0, 11, 2, 23
"d:\Websites\Krish Sataisya - Portfolio\Projects\photo editing web application\assets\less\vendor\bootstrap\mixins\forms.less", "Less", 0, 0, 0, 0, 0, 0, 0, 54, 0, 25, 7, 86
"d:\Websites\Krish Sataisya - Portfolio\Projects\photo editing web application\assets\less\vendor\bootstrap\mixins\gradients.less", "Less", 0, 0, 0, 0, 0, 0, 0, 46, 0, 9, 5, 60
"d:\Websites\Krish Sataisya - Portfolio\Projects\photo editing web application\assets\less\vendor\bootstrap\mixins\grid-framework.less", "Less", 0, 0, 0, 0, 0, 0, 0, 76, 0, 10, 6, 92
"d:\Websites\Krish Sataisya - Portfolio\Projects\photo editing web application\assets\less\vendor\bootstrap\mixins\grid.less", "Less", 0, 0, 0, 0, 0, 0, 0, 104, 0, 9, 10, 123
"d:\Websites\Krish Sataisya - Portfolio\Projects\photo editing web application\assets\less\vendor\bootstrap\mixins\hide-text.less", "Less", 0, 0, 0, 0, 0, 0, 0, 10, 0, 9, 3, 22
"d:\Websites\Krish Sataisya - Portfolio\Projects\photo editing web application\assets\less\vendor\bootstrap\mixins\image.less", "Less", 0, 0, 0, 0, 0, 0, 0, 18, 0, 10, 6, 34
"d:\Websites\Krish Sataisya - Portfolio\Projects\photo editing web application\assets\less\vendor\bootstrap\mixins\labels.less", "Less", 0, 0, 0, 0, 0, 0, 0, 9, 0, 1, 3, 13
"d:\Websites\Krish Sataisya - Portfolio\Projects\photo editing web application\assets\less\vendor\bootstrap\mixins\list-group.less", "Less", 0, 0, 0, 0, 0, 0, 0, 24, 0, 1, 5, 30
"d:\Websites\Krish Sataisya - Portfolio\Projects\photo editing web application\assets\less\vendor\bootstrap\mixins\nav-divider.less", "Less", 0, 0, 0, 0, 0, 0, 0, 6, 0, 3, 2, 11
"d:\Websites\Krish Sataisya - Portfolio\Projects\photo editing web application\assets\less\vendor\bootstrap\mixins\nav-vertical-align.less", "Less", 0, 0, 0, 0, 0, 0, 0, 4, 0, 4, 2, 10
"d:\Websites\Krish Sataisya - Portfolio\Projects\photo editing web application\assets\less\vendor\bootstrap\mixins\opacity.less", "Less", 0, 0, 0, 0, 0, 0, 0, 5, 0, 2, 2, 9
"d:\Websites\Krish Sataisya - Portfolio\Projects\photo editing web application\assets\less\vendor\bootstrap\mixins\pagination.less", "Less", 0, 0, 0, 0, 0, 0, 0, 21, 0, 1, 2, 24
"d:\Websites\Krish Sataisya - Portfolio\Projects\photo editing web application\assets\less\vendor\bootstrap\mixins\panels.less", "Less", 0, 0, 0, 0, 0, 0, 0, 20, 0, 1, 4, 25
"d:\Websites\Krish Sataisya - Portfolio\Projects\photo editing web application\assets\less\vendor\bootstrap\mixins\progress-bar.less", "Less", 0, 0, 0, 0, 0, 0, 0, 6, 0, 2, 3, 11
"d:\Websites\Krish Sataisya - Portfolio\Projects\photo editing web application\assets\less\vendor\bootstrap\mixins\reset-filter.less", "Less", 0, 0, 0, 0, 0, 0, 0, 3, 0, 4, 2, 9
"d:\Websites\Krish Sataisya - Portfolio\Projects\photo editing web application\assets\less\vendor\bootstrap\mixins\resize.less", "Less", 0, 0, 0, 0, 0, 0, 0, 4, 0, 1, 2, 7
"d:\Websites\Krish Sataisya - Portfolio\Projects\photo editing web application\assets\less\vendor\bootstrap\mixins\responsive-visibility.less", "Less", 0, 0, 0, 0, 0, 0, 0, 10, 0, 3, 3, 16
"d:\Websites\Krish Sataisya - Portfolio\Projects\photo editing web application\assets\less\vendor\bootstrap\mixins\size.less", "Less", 0, 0, 0, 0, 0, 0, 0, 7, 0, 1, 3, 11
"d:\Websites\Krish Sataisya - Portfolio\Projects\photo editing web application\assets\less\vendor\bootstrap\mixins\tab-focus.less", "Less", 0, 0, 0, 0, 0, 0, 0, 5, 0, 3, 2, 10
"d:\Websites\Krish Sataisya - Portfolio\Projects\photo editing web application\assets\less\vendor\bootstrap\mixins\table-row.less", "Less", 0, 0, 0, 0, 0, 0, 0, 21, 0, 5, 3, 29
"d:\Websites\Krish Sataisya - Portfolio\Projects\photo editing web application\assets\less\vendor\bootstrap\mixins\text-emphasis.less", "Less", 0, 0, 0, 0, 0, 0, 0, 6, 0, 1, 2, 9
"d:\Websites\Krish Sataisya - Portfolio\Projects\photo editing web application\assets\less\vendor\bootstrap\mixins\text-overflow.less", "Less", 0, 0, 0, 0, 0, 0, 0, 5, 0, 2, 2, 9
"d:\Websites\Krish Sataisya - Portfolio\Projects\photo editing web application\assets\less\vendor\bootstrap\mixins\vendor-prefixes.less", "Less", 0, 0, 0, 0, 0, 0, 0, 178, 0, 31, 19, 228
"d:\Websites\Krish Sataisya - Portfolio\Projects\photo editing web application\assets\less\vendor\bootstrap\modals.less", "Less", 0, 0, 0, 0, 0, 0, 0, 100, 0, 31, 18, 149
"d:\Websites\Krish Sataisya - Portfolio\Projects\photo editing web application\assets\less\vendor\bootstrap\navbar.less", "Less", 0, 0, 0, 0, 0, 0, 0, 478, 0, 84, 99, 661
"d:\Websites\Krish Sataisya - Portfolio\Projects\photo editing web application\assets\less\vendor\bootstrap\navs.less", "Less", 0, 0, 0, 0, 0, 0, 0, 163, 0, 43, 39, 245
"d:\Websites\Krish Sataisya - Portfolio\Projects\photo editing web application\assets\less\vendor\bootstrap\normalize.less", "Less", 0, 0, 0, 0, 0, 0, 0, 180, 0, 162, 86, 428
"d:\Websites\Krish Sataisya - Portfolio\Projects\photo editing web application\assets\less\vendor\bootstrap\pager.less", "Less", 0, 0, 0, 0, 0, 0, 0, 45, 0, 3, 7, 55
"d:\Websites\Krish Sataisya - Portfolio\Projects\photo editing web application\assets\less\vendor\bootstrap\pagination.less", "Less", 0, 0, 0, 0, 0, 0, 0, 74, 0, 7, 8, 89
"d:\Websites\Krish Sataisya - Portfolio\Projects\photo editing web application\assets\less\vendor\bootstrap\panels.less", "Less", 0, 0, 0, 0, 0, 0, 0, 204, 0, 27, 31, 262
"d:\Websites\Krish Sataisya - Portfolio\Projects\photo editing web application\assets\less\vendor\bootstrap\popovers.less", "Less", 0, 0, 0, 0, 0, 0, 0, 116, 0, 9, 11, 136
"d:\Websites\Krish Sataisya - Portfolio\Projects\photo editing web application\assets\less\vendor\bootstrap\print.less", "Less", 0, 0, 0, 0, 0, 0, 0, 77, 0, 13, 18, 108
"d:\Websites\Krish Sataisya - Portfolio\Projects\photo editing web application\assets\less\vendor\bootstrap\progress-bars.less", "Less", 0, 0, 0, 0, 0, 0, 0, 49, 0, 22, 17, 88
"d:\Websites\Krish Sataisya - Portfolio\Projects\photo editing web application\assets\less\vendor\bootstrap\responsive-embed.less", "Less", 0, 0, 0, 0, 0, 0, 0, 26, 0, 5, 5, 36
"d:\Websites\Krish Sataisya - Portfolio\Projects\photo editing web application\assets\less\vendor\bootstrap\responsive-utilities.less", "Less", 0, 0, 0, 0, 0, 0, 0, 152, 0, 23, 20, 195
"d:\Websites\Krish Sataisya - Portfolio\Projects\photo editing web application\assets\less\vendor\bootstrap\scaffolding.less", "Less", 0, 0, 0, 0, 0, 0, 0, 89, 0, 30, 32, 151
"d:\Websites\Krish Sataisya - Portfolio\Projects\photo editing web application\assets\less\vendor\bootstrap\tables.less", "Less", 0, 0, 0, 0, 0, 0, 0, 161, 0, 39, 35, 235
"d:\Websites\Krish Sataisya - Portfolio\Projects\photo editing web application\assets\less\vendor\bootstrap\theme.less", "Less", 0, 0, 0, 0, 0, 0, 0, 170, 0, 51, 52, 273
"d:\Websites\Krish Sataisya - Portfolio\Projects\photo editing web application\assets\less\vendor\bootstrap\thumbnails.less", "Less", 0, 0, 0, 0, 0, 0, 0, 25, 0, 6, 6, 37
"d:\Websites\Krish Sataisya - Portfolio\Projects\photo editing web application\assets\less\vendor\bootstrap\tooltip.less", "Less", 0, 0, 0, 0, 0, 0, 0, 90, 0, 8, 6, 104
"d:\Websites\Krish Sataisya - Portfolio\Projects\photo editing web application\assets\less\vendor\bootstrap\type.less", "Less", 0, 0, 0, 0, 0, 0, 0, 214, 0, 43, 46, 303
"d:\Websites\Krish Sataisya - Portfolio\Projects\photo editing web application\assets\less\vendor\bootstrap\utilities.less", "Less", 0, 0, 0, 0, 0, 0, 0, 31, 0, 13, 13, 57
"d:\Websites\Krish Sataisya - Portfolio\Projects\photo editing web application\assets\less\vendor\bootstrap\variables.less", "Less", 0, 0, 0, 0, 0, 0, 0, 380, 0, 274, 203, 857
"d:\Websites\Krish Sataisya - Portfolio\Projects\photo editing web application\assets\less\vendor\bootstrap\wells.less", "Less", 0, 0, 0, 0, 0, 0, 0, 21, 0, 5, 4, 30
"d:\Websites\Krish Sataisya - Portfolio\Projects\photo editing web application\assets\less\vendor\material-icons\border.less", "Less", 0, 0, 0, 0, 0, 0, 0, 10, 0, 2, 1, 13
"d:\Websites\Krish Sataisya - Portfolio\Projects\photo editing web application\assets\less\vendor\material-icons\core.less", "Less", 0, 0, 0, 0, 0, 0, 0, 13, 0, 3, 2, 18
"d:\Websites\Krish Sataisya - Portfolio\Projects\photo editing web application\assets\less\vendor\material-icons\icons.less", "Less", 0, 0, 0, 0, 0, 0, 0, 15, 0, 3, 1, 19
"d:\Websites\Krish Sataisya - Portfolio\Projects\photo editing web application\assets\less\vendor\material-icons\icons\actions.less", "Less", 0, 0, 0, 0, 0, 0, 0, 480, 0, 0, 0, 480
"d:\Websites\Krish Sataisya - Portfolio\Projects\photo editing web application\assets\less\vendor\material-icons\icons\alert.less", "Less", 0, 0, 0, 0, 0, 0, 0, 6, 0, 0, 0, 6
"d:\Websites\Krish Sataisya - Portfolio\Projects\photo editing web application\assets\less\vendor\material-icons\icons\audio-video.less", "Less", 0, 0, 0, 0, 0, 0, 0, 150, 0, 0, 0, 150
"d:\Websites\Krish Sataisya - Portfolio\Projects\photo editing web application\assets\less\vendor\material-icons\icons\communication.less", "Less", 0, 0, 0, 0, 0, 0, 0, 117, 0, 0, 0, 117
"d:\Websites\Krish Sataisya - Portfolio\Projects\photo editing web application\assets\less\vendor\material-icons\icons\content.less", "Less", 0, 0, 0, 0, 0, 0, 0, 102, 0, 0, 0, 102
"d:\Websites\Krish Sataisya - Portfolio\Projects\photo editing web application\assets\less\vendor\material-icons\icons\device.less", "Less", 0, 0, 0, 0, 0, 0, 0, 225, 0, 0, 0, 225
"d:\Websites\Krish Sataisya - Portfolio\Projects\photo editing web application\assets\less\vendor\material-icons\icons\editor.less", "Less", 0, 0, 0, 0, 0, 0, 0, 156, 0, 0, 0, 156
"d:\Websites\Krish Sataisya - Portfolio\Projects\photo editing web application\assets\less\vendor\material-icons\icons\file.less", "Less", 0, 0, 0, 0, 0, 0, 0, 39, 0, 0, 0, 39
"d:\Websites\Krish Sataisya - Portfolio\Projects\photo editing web application\assets\less\vendor\material-icons\icons\hardware.less", "Less", 0, 0, 0, 0, 0, 0, 0, 123, 0, 0, 0, 123
"d:\Websites\Krish Sataisya - Portfolio\Projects\photo editing web application\assets\less\vendor\material-icons\icons\image.less", "Less", 0, 0, 0, 0, 0, 0, 0, 411, 0, 0, 0, 411
"d:\Websites\Krish Sataisya - Portfolio\Projects\photo editing web application\assets\less\vendor\material-icons\icons\maps.less", "Less", 0, 0, 0, 0, 0, 0, 0, 165, 0, 0, 0, 165
"d:\Websites\Krish Sataisya - Portfolio\Projects\photo editing web application\assets\less\vendor\material-icons\icons\navigation.less", "Less", 0, 0, 0, 0, 0, 0, 0, 63, 0, 0, 0, 63
"d:\Websites\Krish Sataisya - Portfolio\Projects\photo editing web application\assets\less\vendor\material-icons\icons\notification.less", "Less", 0, 0, 0, 0, 0, 0, 0, 102, 0, 0, 0, 102
"d:\Websites\Krish Sataisya - Portfolio\Projects\photo editing web application\assets\less\vendor\material-icons\icons\social.less", "Less", 0, 0, 0, 0, 0, 0, 0, 72, 0, 0, 0, 72
"d:\Websites\Krish Sataisya - Portfolio\Projects\photo editing web application\assets\less\vendor\material-icons\icons\toggle.less", "Less", 0, 0, 0, 0, 0, 0, 0, 21, 0, 0, 0, 21
"d:\Websites\Krish Sataisya - Portfolio\Projects\photo editing web application\assets\less\vendor\material-icons\material-design-iconic-font.less", "Less", 0, 0, 0, 0, 0, 0, 0, 10, 0, 4, 1, 15
"d:\Websites\Krish Sataisya - Portfolio\Projects\photo editing web application\assets\less\vendor\material-icons\mixins.less", "Less", 0, 0, 0, 0, 0, 0, 0, 12, 0, 2, 1, 15
"d:\Websites\Krish Sataisya - Portfolio\Projects\photo editing web application\assets\less\vendor\material-icons\path.less", "Less", 0, 0, 0, 0, 0, 0, 0, 10, 0, 2, 0, 12
"d:\Websites\Krish Sataisya - Portfolio\Projects\photo editing web application\assets\less\vendor\material-icons\pulled.less", "Less", 0, 0, 0, 0, 0, 0, 0, 4, 0, 2, 0, 6
"d:\Websites\Krish Sataisya - Portfolio\Projects\photo editing web application\assets\less\vendor\material-icons\rotated.less", "Less", 0, 0, 0, 0, 0, 0, 0, 12, 0, 4, 3, 19
"d:\Websites\Krish Sataisya - Portfolio\Projects\photo editing web application\assets\less\vendor\material-icons\sizes.less", "Less", 0, 0, 0, 0, 0, 0, 0, 9, 0, 2, 0, 11
"d:\Websites\Krish Sataisya - Portfolio\Projects\photo editing web application\assets\less\vendor\material-icons\spinned.less", "Less", 0, 0, 0, 0, 0, 0, 0, 48, 0, 4, 7, 59
"d:\Websites\Krish Sataisya - Portfolio\Projects\photo editing web application\assets\less\vendor\material-icons\variables.less", "Less", 0, 0, 0, 0, 0, 0, 0, 4, 0, 2, 1, 7
"d:\Websites\Krish Sataisya - Portfolio\Projects\photo editing web application\assets\less\vendor\pagination.less", "Less", 0, 0, 0, 0, 0, 0, 0, 52, 0, 0, 6, 58
"d:\Websites\Krish Sataisya - Portfolio\Projects\photo editing web application\assets\less\vendor\scrollbar.less", "Less", 0, 0, 0, 0, 0, 0, 0, 817, 0, 113, 343, 1273
"d:\Websites\Krish Sataisya - Portfolio\Projects\photo editing web application\assets\less\vendor\spectrum.less", "Less", 0, 0, 0, 0, 0, 0, 0, 438, 0, 28, 42, 508
"d:\Websites\Krish Sataisya - Portfolio\Projects\photo editing web application\config.json", "JSON", 0, 12, 0, 0, 0, 0, 0, 0, 0, 0, 0, 12
"d:\Websites\Krish Sataisya - Portfolio\Projects\photo editing web application\gulpfile.js", "JavaScript", 108, 0, 0, 0, 0, 0, 0, 0, 0, 7, 8, 123
"d:\Websites\Krish Sataisya - Portfolio\Projects\photo editing web application\index.html", "Django HTML", 0, 0, 0, 627, 0, 0, 0, 0, 0, 0, 112, 739
"d:\Websites\Krish Sataisya - Portfolio\Projects\photo editing web application\launderer.php", "PHP", 0, 0, 0, 0, 0, 18, 0, 0, 0, 0, 10, 28
"d:\Websites\Krish Sataisya - Portfolio\Projects\photo editing web application\package.json", "JSON", 0, 22, 0, 0, 0, 0, 0, 0, 0, 0, 1, 23
"d:\Websites\Krish Sataisya - Portfolio\Projects\photo editing web application\pixie-integrate.js", "JavaScript", 302, 0, 0, 0, 0, 0, 0, 0, 0, 20, 79, 401
"d:\Websites\Krish Sataisya - Portfolio\Terms And Condition\Tm.html", "Django HTML", 0, 0, 0, 8325, 0, 0, 0, 0, 0, 0, 501, 8826
"d:\Websites\Krish Sataisya - Portfolio\Terms And Condition\cdn\css\login-signup\loginsignup-new.css", "CSS", 0, 0, 0, 0, 1939, 0, 0, 0, 0, 0, 276, 2215
"d:\Websites\Krish Sataisya - Portfolio\Terms And Condition\cdn\images\homepage\desktop\design\vedantulogo_white.svg", "XML", 0, 0, 1, 0, 0, 0, 0, 0, 0, 0, 0, 1
"d:\Websites\Krish Sataisya - Portfolio\Terms And Condition\cdn\images\new-homepage\newTagDropDown.svg", "XML", 0, 0, 4, 0, 0, 0, 0, 0, 0, 0, 1, 5
"d:\Websites\Krish Sataisya - Portfolio\Terms And Condition\cdn\images\seo-templates\bookmark-filled-white.svg", "XML", 0, 0, 11, 0, 0, 0, 0, 0, 0, 0, 0, 11
"d:\Websites\Krish Sataisya - Portfolio\Terms And Condition\manifest.json", "JSON", 0, 50, 0, 0, 0, 0, 0, 0, 0, 0, 0, 50
"d:\Websites\Krish Sataisya - Portfolio\Terms And Condition\serviceworker.js", "JavaScript", 5, 0, 0, 0, 0, 0, 0, 0, 0, 0, 2, 7
"d:\Websites\Krish Sataisya - Portfolio\Terms And Condition\static\JSON\indian-cities.json", "JSON", 0, 2047, 0, 0, 0, 0, 0, 0, 0, 0, 0, 2047
"d:\Websites\Krish Sataisya - Portfolio\Terms And Condition\static\css\haptik\v-haptik.css", "CSS", 0, 0, 0, 0, 199, 0, 0, 0, 0, 0, 33, 232
"d:\Websites\Krish Sataisya - Portfolio\Terms And Condition\static\images\back.svg", "XML", 0, 0, 37, 0, 0, 0, 0, 0, 0, 1, 1, 39
"d:\Websites\Krish Sataisya - Portfolio\Terms And Condition\static\images\checked.svg", "XML", 0, 0, 8, 0, 0, 0, 0, 0, 0, 0, 1, 9
"d:\Websites\Krish Sataisya - Portfolio\Terms And Condition\static\images\error-icon.svg", "XML", 0, 0, 44, 0, 0, 0, 0, 0, 0, 1, 1, 46
"d:\Websites\Krish Sataisya - Portfolio\Terms And Condition\static\metadata\country-phone-codes.json", "JSON", 0, 810, 0, 0, 0, 0, 0, 0, 0, 0, 0, 810
"d:\Websites\Krish Sataisya - Portfolio\assets\css\animate.min.css", "CSS", 0, 0, 0, 0, 2704, 0, 0, 0, 0, 0, 217, 2921
"d:\Websites\Krish Sataisya - Portfolio\assets\css\backToTop.css", "CSS", 0, 0, 0, 0, 50, 0, 0, 0, 0, 0, 4, 54
"d:\Websites\Krish Sataisya - Portfolio\assets\css\bootstrap.min.css", "CSS", 0, 0, 0, 0, 11315, 0, 0, 0, 0, 6, 1312, 12633
"d:\Websites\Krish Sataisya - Portfolio\assets\css\flaticon_gerold.css", "CSS", 0, 0, 0, 0, 120, 0, 0, 0, 0, 0, 38, 158
"d:\Websites\Krish Sataisya - Portfolio\assets\css\font-awesome-pro.min.css", "CSS", 0, 0, 0, 0, 27694, 0, 0, 0, 0, 5, 7012, 34711
"d:\Websites\Krish Sataisya - Portfolio\assets\css\gerold-core.css", "CSS", 0, 0, 0, 0, 10672, 0, 0, 0, 0, 247, 1558, 12477
"d:\Websites\Krish Sataisya - Portfolio\assets\css\light-mode.css", "CSS", 0, 0, 0, 0, 581, 0, 0, 0, 0, 139, 191, 911
"d:\Websites\Krish Sataisya - Portfolio\assets\css\magnific-popup.css", "CSS", 0, 0, 0, 0, 379, 0, 0, 0, 0, 6, 57, 442
"d:\Websites\Krish Sataisya - Portfolio\assets\css\main-2.css", "CSS", 0, 0, 0, 0, 672, 0, 0, 0, 0, 12, 145, 829
"d:\Websites\Krish Sataisya - Portfolio\assets\css\main-3.css", "CSS", 0, 0, 0, 0, 804, 0, 0, 0, 0, 13, 173, 990
"d:\Websites\Krish Sataisya - Portfolio\assets\css\main.css", "CSS", 0, 0, 0, 0, 3300, 0, 0, 0, 0, 120, 546, 3966
"d:\Websites\Krish Sataisya - Portfolio\assets\css\meanmenu.css", "CSS", 0, 0, 0, 0, 114, 0, 0, 0, 0, 11, 20, 145
"d:\Websites\Krish Sataisya - Portfolio\assets\css\nice-select.css", "CSS", 0, 0, 0, 0, 163, 0, 0, 0, 0, 0, 22, 185
"d:\Websites\Krish Sataisya - Portfolio\assets\css\odometer-theme-default.css", "CSS", 0, 0, 0, 0, 114, 0, 0, 0, 0, 0, 16, 130
"d:\Websites\Krish Sataisya - Portfolio\assets\css\owl.carousel.min.css", "CSS", 0, 0, 0, 0, 179, 0, 0, 0, 0, 5, 34, 218
"d:\Websites\Krish Sataisya - Portfolio\assets\css\responsive-2.css", "CSS", 0, 0, 0, 0, 251, 0, 0, 0, 0, 25, 7, 283
"d:\Websites\Krish Sataisya - Portfolio\assets\css\responsive-3.css", "CSS", 0, 0, 0, 0, 259, 0, 0, 0, 0, 21, 5, 285
"d:\Websites\Krish Sataisya - Portfolio\assets\css\responsive.css", "CSS", 0, 0, 0, 0, 876, 0, 0, 0, 0, 42, 9, 927
"d:\Websites\Krish Sataisya - Portfolio\assets\css\swiper.min.css", "CSS", 0, 0, 0, 0, 602, 0, 0, 0, 0, 11, 118, 731
"d:\Websites\Krish Sataisya - Portfolio\assets\img\hero\hero-4-subtitle-hand.svg", "XML", 0, 0, 14, 0, 0, 0, 0, 0, 0, 0, 1, 15
"d:\Websites\Krish Sataisya - Portfolio\assets\img\icons\1.svg", "XML", 0, 0, 6, 0, 0, 0, 0, 0, 0, 0, 1, 7
"d:\Websites\Krish Sataisya - Portfolio\assets\img\icons\Clip path group (1).svg", "XML", 0, 0, 9, 0, 0, 0, 0, 0, 0, 0, 1, 10
"d:\Websites\Krish Sataisya - Portfolio\assets\img\icons\Group 300.svg", "XML", 0, 0, 9, 0, 0, 0, 0, 0, 0, 0, 1, 10
"d:\Websites\Krish Sataisya - Portfolio\assets\img\icons\Group 301.svg", "XML", 0, 0, 20, 0, 0, 0, 0, 0, 0, 0, 1, 21
"d:\Websites\Krish Sataisya - Portfolio\assets\img\icons\Group 48095702.svg", "XML", 0, 0, 10, 0, 0, 0, 0, 0, 0, 0, 1, 11
"d:\Websites\Krish Sataisya - Portfolio\assets\img\icons\adobe-after-affects-logo-svg-150px.svg", "XML", 0, 0, 12, 0, 0, 0, 0, 0, 0, 0, 1, 13
"d:\Websites\Krish Sataisya - Portfolio\assets\img\icons\adobe-illustrator-logo-svg-150px.svg", "XML", 0, 0, 12, 0, 0, 0, 0, 0, 0, 0, 1, 13
"d:\Websites\Krish Sataisya - Portfolio\assets\img\icons\adobe-photoshop-logo-svg-150px.svg", "XML", 0, 0, 12, 0, 0, 0, 0, 0, 0, 0, 1, 13
"d:\Websites\Krish Sataisya - Portfolio\assets\img\icons\bootstrap 1.svg", "XML", 0, 0, 10, 0, 0, 0, 0, 0, 0, 0, 1, 11
"d:\Websites\Krish Sataisya - Portfolio\assets\img\icons\canva-logo-svg-150px.svg", "XML", 0, 0, 15, 0, 0, 0, 0, 0, 0, 0, 1, 16
"d:\Websites\Krish Sataisya - Portfolio\assets\img\icons\figma.svg", "XML", 0, 0, 1, 0, 0, 0, 0, 0, 0, 0, 0, 1
"d:\Websites\Krish Sataisya - Portfolio\assets\img\icons\firebase-icon 1.svg", "XML", 0, 0, 13, 0, 0, 0, 0, 0, 0, 0, 1, 14
"d:\Websites\Krish Sataisya - Portfolio\assets\img\icons\images 1.svg", "XML", 0, 0, 9, 0, 0, 0, 0, 0, 0, 0, 1, 10
"d:\Websites\Krish Sataisya - Portfolio\assets\img\icons\mongodb 1.svg", "XML", 0, 0, 11, 0, 0, 0, 0, 0, 0, 0, 1, 12
"d:\Websites\Krish Sataisya - Portfolio\assets\img\icons\react.svg", "XML", 0, 0, 3, 0, 0, 0, 0, 0, 0, 0, 1, 4
"d:\Websites\Krish Sataisya - Portfolio\assets\img\icons\sketch.svg", "XML", 0, 0, 42, 0, 0, 0, 0, 0, 0, 1, 1, 44
"d:\Websites\Krish Sataisya - Portfolio\assets\img\icons\star.svg", "XML", 0, 0, 3, 0, 0, 0, 0, 0, 0, 0, 1, 4
"d:\Websites\Krish Sataisya - Portfolio\assets\img\icons\tailwindcss.svg", "XML", 0, 0, 14, 0, 0, 0, 0, 0, 0, 0, 1, 15
"d:\Websites\Krish Sataisya - Portfolio\assets\img\icons\webflow.svg", "XML", 0, 0, 9, 0, 0, 0, 0, 0, 0, 0, 1, 10
"d:\Websites\Krish Sataisya - Portfolio\assets\img\icons\xd.svg", "XML", 0, 0, 1, 0, 0, 0, 0, 0, 0, 0, 0, 1
"d:\Websites\Krish Sataisya - Portfolio\assets\js\ScrollTrigger.min.js", "JavaScript", 1340, 0, 0, 0, 0, 0, 0, 0, 0, 8, 86, 1434
"d:\Websites\Krish Sataisya - Portfolio\assets\js\appear.min.js", "JavaScript", 78, 0, 0, 0, 0, 0, 0, 0, 0, 10, 0, 88
"d:\Websites\Krish Sataisya - Portfolio\assets\js\backToTop.js", "JavaScript", 24, 0, 0, 0, 0, 0, 0, 0, 0, 0, 0, 24
"d:\Websites\Krish Sataisya - Portfolio\assets\js\bootstrap.bundle.min.js", "JavaScript", 3284, 0, 0, 0, 0, 0, 0, 0, 0, 6, 54, 3344
"d:\Websites\Krish Sataisya - Portfolio\assets\js\gsap-split-text.js", "JavaScript", 166, 0, 0, 0, 0, 0, 0, 0, 0, 8, 15, 189
"d:\Websites\Krish Sataisya - Portfolio\assets\js\gsap.min.js", "JavaScript", 2142, 0, 0, 0, 0, 0, 0, 0, 0, 8, 123, 2273
"d:\Websites\Krish Sataisya - Portfolio\assets\js\imagesloaded-pkgd.js", "JavaScript", 234, 0, 0, 0, 0, 0, 0, 0, 0, 5, 5, 244
"d:\Websites\Krish Sataisya - Portfolio\assets\js\isotope.pkgd.min.js", "JavaScript", 1214, 0, 0, 0, 0, 0, 0, 0, 0, 9, 20, 1243
"d:\Websites\Krish Sataisya - Portfolio\assets\js\jquery.min.js", "JavaScript", 3119, 0, 0, 0, 0, 0, 0, 0, 0, 0, 73, 3192
"d:\Websites\Krish Sataisya - Portfolio\assets\js\lenis.min.js", "JavaScript", 411, 0, 0, 0, 0, 0, 0, 0, 0, 1, 1, 413
"d:\Websites\Krish Sataisya - Portfolio\assets\js\lightcase.js", "JavaScript", 1241, 0, 0, 0, 0, 0, 0, 0, 0, 427, 225, 1893
"d:\Websites\Krish Sataisya - Portfolio\assets\js\magnific-popup.js", "JavaScript", 657, 0, 0, 0, 0, 0, 0, 0, 0, 3, 0, 660
"d:\Websites\Krish Sataisya - Portfolio\assets\js\main.js", "JavaScript", 1053, 0, 0, 0, 0, 0, 0, 0, 0, 89, 102, 1244
"d:\Websites\Krish Sataisya - Portfolio\assets\js\meanmenu.js", "JavaScript", 207, 0, 0, 0, 0, 0, 0, 0, 0, 49, 26, 282
"d:\Websites\Krish Sataisya - Portfolio\assets\js\nice-select.min.js", "JavaScript", 62, 0, 0, 0, 0, 0, 0, 0, 0, 3, 0, 65
"d:\Websites\Krish Sataisya - Portfolio\assets\js\odometer.min.js", "JavaScript", 189, 0, 0, 0, 0, 0, 0, 0, 0, 1, 0, 190
"d:\Websites\Krish Sataisya - Portfolio\assets\js\owl.carousel.min.js", "JavaScript", 1028, 0, 0, 0, 0, 0, 0, 0, 0, 5, 1, 1034
"d:\Websites\Krish Sataisya - Portfolio\assets\js\sticky.min.js", "JavaScript", 199, 0, 0, 0, 0, 0, 0, 0, 0, 0, 2, 201
"d:\Websites\Krish Sataisya - Portfolio\assets\js\swiper.min.js", "JavaScript", 6839, 0, 0, 0, 0, 0, 0, 0, 0, 12, 131, 6982
"d:\Websites\Krish Sataisya - Portfolio\assets\js\tj-cursor.js", "JavaScript", 135, 0, 0, 0, 0, 0, 0, 0, 0, 6, 18, 159
"d:\Websites\Krish Sataisya - Portfolio\assets\js\validate.min.js", "JavaScript", 597, 0, 0, 0, 0, 0, 0, 0, 0, 3, 0, 600
"d:\Websites\Krish Sataisya - Portfolio\assets\js\vanilla-tilt.min.js", "JavaScript", 182, 0, 0, 0, 0, 0, 0, 0, 0, 0, 0, 182
"d:\Websites\Krish Sataisya - Portfolio\assets\js\wow.min.js", "JavaScript", 190, 0, 0, 0, 0, 0, 0, 0, 0, 2, 0, 192
"d:\Websites\Krish Sataisya - Portfolio\assets\sass\components\_buttons.scss", "SCSS", 0, 0, 0, 0, 0, 0, 0, 0, 51, 3, 3, 57
"d:\Websites\Krish Sataisya - Portfolio\assets\sass\components\_h4-animation.scss", "SCSS", 0, 0, 0, 0, 0, 0, 0, 0, 78, 3, 11, 92
"d:\Websites\Krish Sataisya - Portfolio\assets\sass\components\_h4-cursor.scss", "SCSS", 0, 0, 0, 0, 0, 0, 0, 0, 102, 10, 15, 127
"d:\Websites\Krish Sataisya - Portfolio\assets\sass\components\_h4-footer.scss", "SCSS", 0, 0, 0, 0, 0, 0, 0, 0, 270, 0, 8, 278
"d:\Websites\Krish Sataisya - Portfolio\assets\sass\components\_h4-header.scss", "SCSS", 0, 0, 0, 0, 0, 0, 0, 0, 76, 4, 12, 92
"d:\Websites\Krish Sataisya - Portfolio\assets\sass\components\_h5-footer.scss", "SCSS", 0, 0, 0, 0, 0, 0, 0, 0, 217, 4, 6, 227
"d:\Websites\Krish Sataisya - Portfolio\assets\sass\components\_h5-header.scss", "SCSS", 0, 0, 0, 0, 0, 0, 0, 0, 149, 4, 13, 166
"d:\Websites\Krish Sataisya - Portfolio\assets\sass\components\_h6-button.scss", "SCSS", 0, 0, 0, 0, 0, 0, 0, 0, 37, 4, 4, 45
"d:\Websites\Krish Sataisya - Portfolio\assets\sass\components\_h6-footer.scss", "SCSS", 0, 0, 0, 0, 0, 0, 0, 0, 100, 4, 8, 112
"d:\Websites\Krish Sataisya - Portfolio\assets\sass\components\_h6-header.scss", "SCSS", 0, 0, 0, 0, 0, 0, 0, 0, 133, 4, 2, 139
"d:\Websites\Krish Sataisya - Portfolio\assets\sass\components\_h7-footer.scss", "SCSS", 0, 0, 0, 0, 0, 0, 0, 0, 112, 4, 12, 128
"d:\Websites\Krish Sataisya - Portfolio\assets\sass\components\_h8-footer.scss", "SCSS", 0, 0, 0, 0, 0, 0, 0, 0, 1, 4, 2, 7
"d:\Websites\Krish Sataisya - Portfolio\assets\sass\components\_sec-title.scss", "SCSS", 0, 0, 0, 0, 0, 0, 0, 0, 136, 4, 3, 143
"d:\Websites\Krish Sataisya - Portfolio\assets\sass\layout\_h4-about.scss", "SCSS", 0, 0, 0, 0, 0, 0, 0, 0, 39, 4, 10, 53
"d:\Websites\Krish Sataisya - Portfolio\assets\sass\layout\_h4-counter.scss", "SCSS", 0, 0, 0, 0, 0, 0, 0, 0, 116, 4, 5, 125
"d:\Websites\Krish Sataisya - Portfolio\assets\sass\layout\_h4-cta.scss", "SCSS", 0, 0, 0, 0, 0, 0, 0, 0, 79, 4, 3, 86
"d:\Websites\Krish Sataisya - Portfolio\assets\sass\layout\_h4-faq.scss", "SCSS", 0, 0, 0, 0, 0, 0, 0, 0, 46, 4, 3, 53
"d:\Websites\Krish Sataisya - Portfolio\assets\sass\layout\_h4-hero.scss", "SCSS", 0, 0, 0, 0, 0, 0, 0, 0, 355, 4, 4, 363
"d:\Websites\Krish Sataisya - Portfolio\assets\sass\layout\_h4-maquee.scss", "SCSS", 0, 0, 0, 0, 0, 0, 0, 0, 27, 4, 2, 33
"d:\Websites\Krish Sataisya - Portfolio\assets\sass\layout\_h4-progress.scss", "SCSS", 0, 0, 0, 0, 0, 0, 0, 0, 141, 4, 5, 150
"d:\Websites\Krish Sataisya - Portfolio\assets\sass\layout\_h4-project.scss", "SCSS", 0, 0, 0, 0, 0, 0, 0, 0, 130, 4, 10, 144
"d:\Websites\Krish Sataisya - Portfolio\assets\sass\layout\_h4-resume.scss", "SCSS", 0, 0, 0, 0, 0, 0, 0, 0, 171, 4, 4, 179
"d:\Websites\Krish Sataisya - Portfolio\assets\sass\layout\_h4-service.scss", "SCSS", 0, 0, 0, 0, 0, 0, 0, 0, 131, 4, 7, 142
"d:\Websites\Krish Sataisya - Portfolio\assets\sass\layout\_h4-testimonial.scss", "SCSS", 0, 0, 0, 0, 0, 0, 0, 0, 139, 4, 5, 148
"d:\Websites\Krish Sataisya - Portfolio\assets\sass\layout\_h5-contact.scss", "SCSS", 0, 0, 0, 0, 0, 0, 0, 0, 194, 4, 3, 201
"d:\Websites\Krish Sataisya - Portfolio\assets\sass\layout\_h5-counter.scss", "SCSS", 0, 0, 0, 0, 0, 0, 0, 0, 112, 4, 7, 123
"d:\Websites\Krish Sataisya - Portfolio\assets\sass\layout\_h5-cta.scss", "SCSS", 0, 0, 0, 0, 0, 0, 0, 0, 181, 4, 4, 189
"d:\Websites\Krish Sataisya - Portfolio\assets\sass\layout\_h5-faq.scss", "SCSS", 0, 0, 0, 0, 0, 0, 0, 0, 188, 4, 20, 212
"d:\Websites\Krish Sataisya - Portfolio\assets\sass\layout\_h5-hero.scss", "SCSS", 0, 0, 0, 0, 0, 0, 0, 0, 341, 4, 7, 352
"d:\Websites\Krish Sataisya - Portfolio\assets\sass\layout\_h5-marquee.scss", "SCSS", 0, 0, 0, 0, 0, 0, 0, 0, 183, 4, 6, 193
"d:\Websites\Krish Sataisya - Portfolio\assets\sass\layout\_h5-portfolio.scss", "SCSS", 0, 0, 0, 0, 0, 0, 0, 0, 207, 4, 2, 213
"d:\Websites\Krish Sataisya - Portfolio\assets\sass\layout\_h5-progress.scss", "SCSS", 0, 0, 0, 0, 0, 0, 0, 0, 119, 4, 2, 125
"d:\Websites\Krish Sataisya - Portfolio\assets\sass\layout\_h5-resume.scss", "SCSS", 0, 0, 0, 0, 0, 0, 0, 0, 195, 4, 6, 205
"d:\Websites\Krish Sataisya - Portfolio\assets\sass\layout\_h5-testimonial.scss", "SCSS", 0, 0, 0, 0, 0, 0, 0, 0, 121, 4, 2, 127
"d:\Websites\Krish Sataisya - Portfolio\assets\sass\layout\_h6-about.scss", "SCSS", 0, 0, 0, 0, 0, 0, 0, 0, 267, 4, 10, 281
"d:\Websites\Krish Sataisya - Portfolio\assets\sass\layout\_h6-blog.scss", "SCSS", 0, 0, 0, 0, 0, 0, 0, 0, 159, 4, 5, 168
"d:\Websites\Krish Sataisya - Portfolio\assets\sass\layout\_h6-cta.scss", "SCSS", 0, 0, 0, 0, 0, 0, 0, 0, 173, 4, 3, 180
"d:\Websites\Krish Sataisya - Portfolio\assets\sass\layout\_h6-hero.scss", "SCSS", 0, 0, 0, 0, 0, 0, 0, 0, 531, 4, 19, 554
"d:\Websites\Krish Sataisya - Portfolio\assets\sass\layout\_h6-marquee.scss", "SCSS", 0, 0, 0, 0, 0, 0, 0, 0, 88, 4, 3, 95
"d:\Websites\Krish Sataisya - Portfolio\assets\sass\layout\_h6-portfolio.scss", "SCSS", 0, 0, 0, 0, 0, 0, 0, 0, 353, 4, 5, 362
"d:\Websites\Krish Sataisya - Portfolio\assets\sass\layout\_h6-resume.scss", "SCSS", 0, 0, 0, 0, 0, 0, 0, 0, 270, 4, 8, 282
"d:\Websites\Krish Sataisya - Portfolio\assets\sass\layout\_h6-service.scss", "SCSS", 0, 0, 0, 0, 0, 0, 0, 0, 127, 4, 10, 141
"d:\Websites\Krish Sataisya - Portfolio\assets\sass\layout\_h6-testimonial.scss", "SCSS", 0, 0, 0, 0, 0, 0, 0, 0, 231, 4, 14, 249
"d:\Websites\Krish Sataisya - Portfolio\assets\sass\layout\_h7-about.scss", "SCSS", 0, 0, 0, 0, 0, 0, 0, 0, 50, 4, 8, 62
"d:\Websites\Krish Sataisya - Portfolio\assets\sass\layout\_h7-blog.scss", "SCSS", 0, 0, 0, 0, 0, 0, 0, 0, 237, 4, 19, 260
"d:\Websites\Krish Sataisya - Portfolio\assets\sass\layout\_h7-counter.scss", "SCSS", 0, 0, 0, 0, 0, 0, 0, 0, 36, 4, 6, 46
"d:\Websites\Krish Sataisya - Portfolio\assets\sass\layout\_h7-feature.scss", "SCSS", 0, 0, 0, 0, 0, 0, 0, 0, 90, 4, 8, 102
"d:\Websites\Krish Sataisya - Portfolio\assets\sass\layout\_h7-hero.scss", "SCSS", 0, 0, 0, 0, 0, 0, 0, 0, 82, 4, 7, 93
"d:\Websites\Krish Sataisya - Portfolio\assets\sass\layout\_h7-progress.scss", "SCSS", 0, 0, 0, 0, 0, 0, 0, 0, 62, 4, 16, 82
"d:\Websites\Krish Sataisya - Portfolio\assets\sass\layout\_h7-project.scss", "SCSS", 0, 0, 0, 0, 0, 0, 0, 0, 117, 4, 6, 127
"d:\Websites\Krish Sataisya - Portfolio\assets\sass\layout\_h7-service.scss", "SCSS", 0, 0, 0, 0, 0, 0, 0, 0, 136, 4, 8, 148
"d:\Websites\Krish Sataisya - Portfolio\assets\sass\layout\_h7-testimonial.scss", "SCSS", 0, 0, 0, 0, 0, 0, 0, 0, 147, 4, 17, 168
"d:\Websites\Krish Sataisya - Portfolio\assets\sass\layout\_h8-about.scss", "SCSS", 0, 0, 0, 0, 0, 0, 0, 0, 154, 4, 10, 168
"d:\Websites\Krish Sataisya - Portfolio\assets\sass\layout\_h8-blog.scss", "SCSS", 0, 0, 0, 0, 0, 0, 0, 0, 181, 4, 4, 189
"d:\Websites\Krish Sataisya - Portfolio\assets\sass\layout\_h8-cta.scss", "SCSS", 0, 0, 0, 0, 0, 0, 0, 0, 40, 4, 3, 47
"d:\Websites\Krish Sataisya - Portfolio\assets\sass\layout\_h8-hero.scss", "SCSS", 0, 0, 0, 0, 0, 0, 0, 0, 222, 4, 8, 234
"d:\Websites\Krish Sataisya - Portfolio\assets\sass\layout\_h8-marquee.scss", "SCSS", 0, 0, 0, 0, 0, 0, 0, 0, 161, 4, 6, 171
"d:\Websites\Krish Sataisya - Portfolio\assets\sass\layout\_h8-portfolio.scss", "SCSS", 0, 0, 0, 0, 0, 0, 0, 0, 186, 4, 8, 198
"d:\Websites\Krish Sataisya - Portfolio\assets\sass\layout\_h8-resume.scss", "SCSS", 0, 0, 0, 0, 0, 0, 0, 0, 187, 4, 3, 194
"d:\Websites\Krish Sataisya - Portfolio\assets\sass\layout\_h8-services.scss", "SCSS", 0, 0, 0, 0, 0, 0, 0, 0, 173, 4, 4, 181
"d:\Websites\Krish Sataisya - Portfolio\assets\sass\layout\_h8-testimonial.scss", "SCSS", 0, 0, 0, 0, 0, 0, 0, 0, 123, 4, 2, 129
"d:\Websites\Krish Sataisya - Portfolio\google2174a046f237dc80.html", "Django HTML", 0, 0, 0, 1, 0, 0, 0, 0, 0, 0, 0, 1
"d:\Websites\Krish Sataisya - Portfolio\index.html", "Django HTML", 0, 0, 0, 2320, 0, 0, 0, 0, 0, 0, 72, 2392
"d:\Websites\Krish Sataisya - Portfolio\package-lock.json", "JSON", 0, 1020, 0, 0, 0, 0, 0, 0, 0, 0, 1, 1021
"d:\Websites\Krish Sataisya - Portfolio\package.json", "JSON", 0, 15, 0, 0, 0, 0, 0, 0, 0, 0, 1, 16
"d:\Websites\Krish Sataisya - Portfolio\privacy-policy\cdn\css\login-signup\loginsignup-new.css", "CSS", 0, 0, 0, 0, 1939, 0, 0, 0, 0, 0, 276, 2215
"d:\Websites\Krish Sataisya - Portfolio\privacy-policy\cdn\images\homepage\desktop\design\vedantulogo_white.svg", "XML", 0, 0, 1, 0, 0, 0, 0, 0, 0, 0, 0, 1
"d:\Websites\Krish Sataisya - Portfolio\privacy-policy\cdn\images\new-homepage\newTagDropDown.svg", "XML", 0, 0, 4, 0, 0, 0, 0, 0, 0, 0, 1, 5
"d:\Websites\Krish Sataisya - Portfolio\privacy-policy\cdn\images\seo-templates\bookmark-filled-white.svg", "XML", 0, 0, 11, 0, 0, 0, 0, 0, 0, 0, 0, 11
"d:\Websites\Krish Sataisya - Portfolio\privacy-policy\manifest.json", "JSON", 0, 50, 0, 0, 0, 0, 0, 0, 0, 0, 0, 50
"d:\Websites\Krish Sataisya - Portfolio\privacy-policy\privacy-policy.html", "Django HTML", 0, 0, 0, 8437, 0, 0, 0, 0, 0, 0, 500, 8937
"d:\Websites\Krish Sataisya - Portfolio\privacy-policy\serviceworker.js", "JavaScript", 5, 0, 0, 0, 0, 0, 0, 0, 0, 0, 2, 7
"d:\Websites\Krish Sataisya - Portfolio\privacy-policy\static\JSON\indian-cities.json", "JSON", 0, 2047, 0, 0, 0, 0, 0, 0, 0, 0, 0, 2047
"d:\Websites\Krish Sataisya - Portfolio\privacy-policy\static\css\haptik\v-haptik.css", "CSS", 0, 0, 0, 0, 199, 0, 0, 0, 0, 0, 33, 232
"d:\Websites\Krish Sataisya - Portfolio\privacy-policy\static\images\back.svg", "XML", 0, 0, 37, 0, 0, 0, 0, 0, 0, 1, 1, 39
"d:\Websites\Krish Sataisya - Portfolio\privacy-policy\static\images\checked.svg", "XML", 0, 0, 8, 0, 0, 0, 0, 0, 0, 0, 1, 9
"d:\Websites\Krish Sataisya - Portfolio\privacy-policy\static\images\error-icon.svg", "XML", 0, 0, 44, 0, 0, 0, 0, 0, 0, 1, 1, 46
"d:\Websites\Krish Sataisya - Portfolio\privacy-policy\static\metadata\country-phone-codes.json", "JSON", 0, 810, 0, 0, 0, 0, 0, 0, 0, 0, 0, 810
"d:\Websites\Krish Sataisya - Portfolio\sitemap.xml", "XML", 0, 0, 81, 0, 0, 0, 0, 0, 0, 0, 0, 81
"d:\Websites\Krish Sataisya - Portfolio\static\images\Icons\Logo Black-01.svg", "XML", 0, 0, 1, 0, 0, 0, 0, 0, 0, 0, 0, 1
"d:\Websites\Krish Sataisya - Portfolio\static\images\Icons\Logo White-01-01.svg", "XML", 0, 0, 1, 0, 0, 0, 0, 0, 0, 0, 0, 1
"d:\Websites\Krish Sataisya - Portfolio\static\images\Krish Satasiya - logo (black).svg", "XML", 0, 0, 129, 0, 0, 0, 0, 0, 0, 1, 1, 131
"d:\Websites\Krish Sataisya - Portfolio\static\images\Krish Satasiya - logo.svg", "XML", 0, 0, 132, 0, 0, 0, 0, 0, 0, 1, 1, 134
"d:\Websites\Krish Sataisya - Portfolio\static\images\Logo White.svg", "XML", 0, 0, 1, 0, 0, 0, 0, 0, 0, 0, 0, 1
"d:\Websites\Krish Sataisya - Portfolio\static\images\Owner.svg", "XML", 0, 0, 1, 0, 0, 0, 0, 0, 0, 0, 0, 1
"d:\Websites\Krish Sataisya - Portfolio\static\images\arrow.svg", "XML", 0, 0, 11, 0, 0, 0, 0, 0, 0, 0, 0, 11
"d:\Websites\Krish Sataisya - Portfolio\static\images\blog.svg", "XML", 0, 0, 13, 0, 0, 0, 0, 0, 0, 0, 0, 13
"d:\Websites\Krish Sataisya - Portfolio\static\images\dots.svg", "XML", 0, 0, 42, 0, 0, 0, 0, 0, 0, 0, 0, 42
"d:\Websites\Krish Sataisya - Portfolio\static\images\facebook.svg", "XML", 0, 0, 13, 0, 0, 0, 0, 0, 0, 0, 0, 13
"d:\Websites\Krish Sataisya - Portfolio\static\images\mail.svg", "XML", 0, 0, 9, 0, 0, 0, 0, 0, 0, 0, 0, 9
"d:\Websites\Krish Sataisya - Portfolio\static\images\new-tag.svg", "XML", 0, 0, 10, 0, 0, 0, 0, 0, 0, 0, 0, 10
"d:\Websites\Krish Sataisya - Portfolio\static\images\phone.svg", "XML", 0, 0, 11, 0, 0, 0, 0, 0, 0, 0, 0, 11
"d:\Websites\Krish Sataisya - Portfolio\static\images\play-store.svg", "XML", 0, 0, 17, 0, 0, 0, 0, 0, 0, 1, 0, 18
"d:\Websites\Krish Sataisya - Portfolio\static\images\twitter.svg", "XML", 0, 0, 13, 0, 0, 0, 0, 0, 0, 0, 0, 13
"d:\Websites\Krish Sataisya - Portfolio\static\images\youtube.svg", "XML", 0, 0, 13, 0, 0, 0, 0, 0, 0, 0, 0, 13
"Total", "-", 48340, 12227, 34385, 23028, 69002, 18, 86, 19865, 9260, 11204, 24874, 252289